first_name,last_name,email,gender,date_of_birth,state,street
Cordi,Weatherdon,cweatherdon0@redcross.org,Female,2022-10-03T12:38:27Z,,717 West Center
,Nuttey,,Male,2023-06-02T11:16:28Z,,
Vallie,Charteris,vcharteris2@noaa.gov,Agender,2023-03-23T22:58:50Z,,
Hank,Martine,hmartine3@creativecommons.org,Genderfluid,2023-08-01T18:16:36Z,,4287 Northland Road
Janean,Hargreves,jhargreves4@infoseek.co.jp,Female,2023-03-29T15:12:15Z,Veracruz Llave,808 Jenna Way
,Dixsee,,Genderqueer,2023-01-15T03:26:57Z,,06871 Elgar Parkway
Shelly,Verillo,,Female,2023-08-09T02:32:10Z,,4317 Esch Crossing
Ofella,Dufton,odufton7@is.gd,Female,2023-02-01T13:47:56Z,,199 Fair Oaks Plaza
,Gudahy,kgudahy8@cdc.gov,Male,2023-04-23T22:24:33Z,New York,6 Grayhawk Point
Matt,Stilldale,mstilldale9@wikispaces.com,Male,2022-10-04T04:43:29Z,,5 Fuller Alley
Brandice,Hawler,bhawlera@ovh.net,Genderqueer,2022-08-29T05:56:58Z,,94977 Buhler Street
,Bispham,lbisphamb@cpanel.net,Female,2023-01-25T10:18:04Z,Haute-Normandie,4676 Oneill Crossing
Karee,Fullylove,kfullylovec@jiathis.com,Female,2022-11-02T05:29:47Z,,66613 Warner Road
Lowrance,Markel,lmarkeld@unicef.org,Male,2022-12-24T19:58:19Z,,0274 Arizona Trail
Lacy,Gisburn,lgisburne@nbcnews.com,Female,2022-08-20T13:00:30Z,,05 Anzinger Court
Elnora,Aguirrezabala,eaguirrezabalaf@domainmarket.com,Female,,,08 Park Meadow Parkway
Frederica,Okeshott,fokeshottg@java.com,Female,2023-06-13T15:31:25Z,,48 Crest Line Parkway
Alvina,Satterlee,asatterleeh@cornell.edu,Female,2022-09-15T02:45:50Z,,00388 Kenwood Avenue
Moishe,Grabham,,Male,2022-12-11T05:50:42Z,,123 Holy Cross Trail
Wyndham,Layzell,wlayzellj@yahoo.co.jp,Genderfluid,2022-10-30T15:43:02Z,,4 Huxley Lane
Cris,Halliberton,,Male,2022-11-27T19:31:16Z,,
Shurlock,Phippen,,Male,2023-01-23T15:26:50Z,,8536 Shelley Crossing
Vin,Eisold,veisoldm@mayoclinic.com,Male,2022-11-03T06:00:59Z,,71682 Browning Park
Marge,Rapport,mrapportn@issuu.com,Female,2023-05-17T04:00:40Z,,83 Fulton Court
Betteanne,Winters,bwinterso@tinypic.com,Female,2023-01-16T02:23:45Z,,5 Moose Parkway
Fiann,Bursnell,fbursnellp@ucoz.com,Female,2023-08-03T18:43:41Z,,75 Mendota Place
Billy,Druhan,bdruhanq@ox.ac.uk,Male,2022-11-30T04:13:20Z,,3 Mcbride Terrace
Madlin,Pranger,mprangerr@baidu.com,Female,2023-01-27T15:47:31Z,,9 Vermont Park
Valentijn,Seeney,vseeneys@mlb.com,Male,2023-02-17T11:09:25Z,,9659 Northport Crossing
Joey,MacGaughey,jmacgaugheyt@opensource.org,Female,2022-11-18T10:52:42Z,,36819 Oriole Lane
Muire,Heal,mhealu@comcast.net,Female,2023-01-31T18:00:04Z,,67962 Park Meadow Place
Ofella,Peye,opeyev@google.com.hk,Female,,,393 Mendota Hill
Vikki,Cornelleau,vcornelleauw@hexun.com,Female,2023-05-15T04:24:26Z,Texas,93 Rigney Pass
Ambrose,Buesnel,abuesnelx@phpbb.com,Male,2023-08-02T17:52:16Z,,790 Mayfield Lane
Lory,Nares,lnaresy@dot.gov,Female,2023-04-25T18:52:26Z,,8478 Florence Park
Nero,Boyan,nboyanz@i2i.jp,Male,,,5239 Acker Place
Danice,Cridlin,dcridlin10@twitpic.com,Female,2023-07-20T17:33:59Z,,67162 Crownhardt Lane
Jay,Ruckledge,jruckledge11@barnesandnoble.com,Male,2023-04-07T23:28:25Z,,925 Portage Plaza
Sherman,Stoop,sstoop12@bbb.org,Male,2023-01-20T09:44:39Z,,3425 Lakewood Gardens Trail
Garvin,Wilkowski,gwilkowski13@mlb.com,Male,2022-10-10T13:42:02Z,,8 Prentice Street
Enriqueta,Cogle,ecogle14@cdbaby.com,Non-binary,2023-03-09T17:34:27Z,,
Maura,Killick,mkillick15@webeden.co.uk,Agender,2023-02-04T18:05:26Z,,48898 Kingsford Crossing
Fancy,Morl,fmorl16@buzzfeed.com,Female,2023-05-20T07:39:52Z,,38 Cascade Place
Rozamond,Marousek,rmarousek17@canalblog.com,Female,2022-10-26T16:28:37Z,Rhône-Alpes,2551 Wayridge Terrace
Charlean,Gallego,cgallego18@springer.com,Female,2022-12-12T07:58:24Z,,7383 Jay Alley
Ernest,Pietron,,Male,2023-02-23T09:30:13Z,,6 Lakeland Alley
Stevie,McAnalley,smcanalley1a@zdnet.com,Male,2023-01-19T07:13:35Z,,945 Sunfield Trail
Tuckie,Allenby,tallenby1b@theatlantic.com,Male,2022-11-23T21:01:24Z,,1 Hollow Ridge Plaza
,Guillon,lguillon1c@wisc.edu,Female,2023-02-28T08:04:51Z,,26534 Ridgeview Alley
Hope,Handley,hhandley1d@guardian.co.uk,Female,2023-06-12T20:11:32Z,,086 Fairfield Court
,Farenden,cfarenden1e@reference.com,Female,2023-08-06T02:33:21Z,,7527 Melody Way
Kienan,Studdal,,Male,2022-12-05T17:31:56Z,,0 Sugar Lane
Etienne,Iacobetto,eiacobetto1g@ibm.com,Male,2022-10-22T23:52:33Z,,3 Farwell Terrace
Kelci,McCane,kmccane1h@jugem.jp,Female,2023-06-18T04:41:35Z,,08382 Arizona Place
Temple,Coulton,tcoulton1i@instagram.com,Male,2022-11-16T13:32:29Z,,71389 Banding Circle
Ev,Olsson,eolsson1j@yale.edu,Male,2023-06-25T03:37:52Z,Provence-Alpes-Côte d'Azur,530 Mosinee Terrace
Kristan,Feldstein,kfeldstein1k@samsung.com,Female,2023-07-18T23:48:37Z,British Columbia,397 Gerald Avenue
Karlik,McCague,kmccague1l@skyrock.com,Male,2023-08-12T10:10:39Z,Veracruz Llave,
Georg,Been,gbeen1m@fema.gov,Male,2023-04-16T11:39:14Z,,607 Cherokee Way
Normand,Treasure,ntreasure1n@usnews.com,Male,2023-07-06T13:33:38Z,,54 Ruskin Lane
Teena,Fassbender,tfassbender1o@salon.com,Female,2022-12-01T11:13:17Z,,3803 Elmside Place
Kikelia,Zannotelli,,Female,2022-11-10T04:25:18Z,,81829 Elgar Road
Emanuele,Train,etrain1q@accuweather.com,Male,2023-03-21T08:32:10Z,,9657 Dunning Way
Pietra,Kubicka,pkubicka1r@merriam-webster.com,Non-binary,2023-07-31T03:19:33Z,,33947 Butterfield Road
Silvester,Tabb,stabb1s@squidoo.com,Male,2022-10-27T09:12:27Z,,90 Utah Street
Waylin,Kelloch,wkelloch1t@sakura.ne.jp,Male,2023-07-16T15:19:26Z,,
Sula,Stangroom,sstangroom1u@hc360.com,Female,2022-09-27T05:13:09Z,,046 Ilene Pass
Sampson,Petzolt,spetzolt1v@dedecms.com,Agender,2023-08-03T22:13:06Z,,
,Dreher,,Male,2022-11-01T01:20:00Z,,4523 Northfield Parkway
Rodolfo,Tatteshall,rtatteshall1x@google.com,Male,2022-12-04T20:02:15Z,,587 La Follette Point
Lira,Heinschke,lheinschke1y@webnode.com,Female,2023-07-01T03:23:39Z,,498 2nd Center
Julieta,Colly,jcolly1z@mlb.com,Female,2022-09-30T03:25:46Z,Bourgogne,29556 High Crossing Terrace
Sandi,Shekle,sshekle20@tumblr.com,Female,2023-05-21T10:06:11Z,Île-de-France,63497 Transport Avenue
Nissa,De Mars,ndemars21@infoseek.co.jp,Female,2023-04-28T15:52:05Z,,93546 Kensington Park
Lulita,Klimowski,lklimowski22@apache.org,Female,2022-11-11T05:17:28Z,,1 Macpherson Terrace
Isobel,Trathen,itrathen23@cnbc.com,Female,2023-07-11T19:14:27Z,,7920 Magdeline Avenue
,Poulsum,mpoulsum24@elpais.com,Male,2022-10-11T20:03:03Z,,0916 Scoville Parkway
Beltran,Daws,bdaws25@twitter.com,Male,2023-01-11T20:22:23Z,,1598 Pawling Lane
Marji,O'Howbane,,Female,2023-03-06T04:00:16Z,,8533 Springs Hill
Corissa,Franscioni,,Female,,,77060 Warbler Drive
Lloyd,Laurenty,llaurenty28@admin.ch,Male,2022-10-18T20:36:10Z,,6 Center Parkway
,Iggulden,biggulden29@dailymotion.com,Female,2023-07-22T09:48:29Z,,98590 Jay Avenue
Adrian,Jellis,ajellis2a@ucla.edu,Male,2023-01-25T07:58:11Z,,2 Oriole Way
Garreth,Beardwood,gbeardwood2b@usda.gov,Male,2023-06-09T11:47:41Z,,920 Westerfield Terrace
Barthel,Reven,breven2c@wisc.edu,Male,2022-09-14T05:27:51Z,,4 Pleasure Point
Finley,Fairchild,ffairchild2d@blogs.com,Male,2022-10-02T20:57:27Z,,
Sheridan,Sainthill,ssainthill2e@disqus.com,Male,2023-04-30T09:33:17Z,North Carolina,7421 Kings Park
Nicoline,Dearth,ndearth2f@pinterest.com,Female,2023-03-07T06:24:37Z,,372 Bay Place
,Biggin,fbiggin2g@hibu.com,Female,2023-04-11T11:37:08Z,,449 Coleman Circle
Chere,Senn,csenn2h@mayoclinic.com,Female,2022-10-31T04:41:24Z,Nordrhein-Westfalen,833 Spohn Alley
Silvano,Santoro,ssantoro2i@oracle.com,Male,2022-12-25T02:12:12Z,Guyane,26 Packers Court
,Kyne,akyne2j@ebay.com,Male,2022-12-10T02:19:11Z,,92 Doe Crossing Drive
Christie,Leyton,cleyton2k@hud.gov,Male,2023-06-27T21:35:05Z,,34 Straubel Place
Beverly,Matt,bmatt2l@springer.com,Bigender,2022-11-24T02:33:29Z,Pahang,751 Becker Plaza
Oren,Bauld,obauld2m@smugmug.com,Male,2023-01-14T20:04:17Z,,671 Heath Drive
Giff,Palke,gpalke2n@who.int,Male,2023-05-03T18:55:15Z,,66 Westend Place
Iosep,Davids,idavids2o@unesco.org,Male,2023-05-28T04:49:52Z,,
Truman,Wakely,twakely2p@skype.com,Male,2023-05-02T22:44:21Z,,72836 Mayer Center
Selma,Gameson,sgameson2q@4shared.com,Female,,,4892 7th Terrace
Syman,Filppetti,sfilppetti2r@oracle.com,Male,2022-12-21T15:36:15Z,,8 Duke Road
Shauna,Cluatt,scluatt2s@pagesperso-orange.fr,Female,2022-12-29T09:36:11Z,,5 Corry Center
Eadmund,Guillain,eguillain2t@i2i.jp,Male,2022-09-20T15:44:27Z,,384 Sloan Lane
Aubrey,Gatheridge,agatheridge2u@exblog.jp,Male,2022-10-05T02:12:41Z,,338 Kennedy Road
Kain,Spong,kspong2v@virginia.edu,Male,2023-04-03T13:07:37Z,,
Ginger,McIlwrick,gmcilwrick2w@taobao.com,Male,2023-05-27T19:21:22Z,,51178 Straubel Road
Phylys,Bracken,pbracken2x@princeton.edu,Female,,,68 Everett Pass
Becky,Dibley,bdibley2y@cnbc.com,Female,2023-06-14T08:21:14Z,,83 Colorado Terrace
Byran,Densumbe,bdensumbe2z@symantec.com,Male,,,98 Westridge Street
Shae,Yurocjhin,,Male,2022-12-03T06:46:52Z,,76267 Steensland Alley
,Linsley,jlinsley31@arstechnica.com,Male,2023-06-05T19:52:47Z,,1299 Forest Dale Circle
Merwin,Tyre,mtyre32@meetup.com,Male,2023-03-31T04:37:40Z,,
Aloisia,Crocket,acrocket33@epa.gov,Female,,Faro,8020 Dwight Junction
Gottfried,Weatherell,gweatherell34@myspace.com,Male,2022-11-09T13:38:50Z,Michigan,0400 Forest Dale Trail
Merla,Danahar,mdanahar35@wikia.com,Female,2023-04-18T07:38:44Z,,41601 Oak Valley Terrace
Vonny,Addison,vaddison36@umn.edu,Female,,,6 Little Fleur Parkway
Maynard,Shurrock,mshurrock37@ifeng.com,Male,2022-09-26T00:24:08Z,,9856 Mallory Crossing
Gleda,Gorgl,ggorgl38@sbwire.com,Female,2023-07-22T06:19:37Z,,339 Mandrake Pass
Gilly,Heatherington,gheatherington39@prlog.org,Female,,,32 Dwight Junction
,Jerrom,tjerrom3a@exblog.jp,Male,2023-05-20T21:01:53Z,,329 Reinke Lane
Hatti,Hanlin,hhanlin3b@icq.com,Female,2023-02-26T20:28:10Z,Friuli-Venezia Giulia,9698 Carioca Circle
Reinold,Heustace,rheustace3c@cloudflare.com,Male,2023-02-23T04:53:26Z,,44234 Corscot Place
Michal,Nellen,mnellen3d@ted.com,Bigender,2023-04-10T17:35:56Z,,523 Bellgrove Point
Lambert,Grishkov,lgrishkov3e@cdc.gov,Male,2022-12-29T22:52:29Z,,53187 Ridgeway Parkway
Arny,Clemson,aclemson3f@foxnews.com,Male,2022-08-19T11:10:24Z,,630 Fair Oaks Terrace
Briny,Morais,bmorais3g@bandcamp.com,Female,2022-08-20T07:44:08Z,,44 Moulton Plaza
Ashlin,Dutnall,adutnall3h@prnewswire.com,Male,2023-03-14T07:59:54Z,,982 Red Cloud Terrace
Hally,Lattin,hlattin3i@plala.or.jp,Female,2023-06-09T09:09:00Z,,76187 Lyons Place
Josi,Pinckard,jpinckard3j@unblog.fr,Female,2022-10-28T19:38:11Z,,313 Calypso Hill
Vinny,Surmeyers,vsurmeyers3k@163.com,Female,2023-03-20T16:35:41Z,,071 Lyons Place
Berte,Heifer,bheifer3l@archive.org,Female,2022-11-25T02:27:55Z,,792 Upham Park
Teresina,Puleque,tpuleque3m@wix.com,Female,2023-07-31T22:55:34Z,,9 Lakewood Circle
Liana,Postill,,Female,2023-08-05T19:40:33Z,Hessen,56 Eastwood Point
Lee,Beechcraft,lbeechcraft3o@home.pl,Male,2023-03-30T13:25:33Z,,35 Arizona Street
Krissie,Birk,kbirk3p@booking.com,Genderqueer,2023-07-30T09:35:58Z,,625 Ridgeview Terrace
Winona,Wanstall,wwanstall3q@unicef.org,Female,,,7597 Farragut Road
Ariel,Whipple,awhipple3r@dedecms.com,Female,2023-04-05T04:42:45Z,,8705 Southridge Trail
Kassey,Bourton,kbourton3s@barnesandnoble.com,Female,2023-02-25T18:45:43Z,,84088 American Ash Trail
Carri,MacKegg,cmackegg3t@amazonaws.com,Female,2022-09-29T04:10:25Z,,
Pansy,Coke,pcoke3u@un.org,Female,2022-12-19T15:37:36Z,,33982 Ohio Alley
Kessiah,Baggs,kbaggs3v@bloomberg.com,Female,2022-09-16T08:09:39Z,New York,917 Riverside Avenue
Vinita,Hobbing,vhobbing3w@cbsnews.com,Female,2023-07-12T12:44:43Z,,891 Mccormick Pass
Samaria,France,sfrance3x@eepurl.com,Female,2023-08-13T12:34:40Z,Leiria,43 Corben Drive
Benny,Axup,baxup3y@archive.org,Female,2022-09-13T18:04:17Z,,5 Burrows Lane
Vince,Agott,vagott3z@theguardian.com,Male,2023-06-29T17:28:32Z,,109 Transport Drive
Amberly,Yoodall,ayoodall40@blogger.com,Female,2023-08-08T01:08:57Z,,62 Forest Run Road
Davine,Cambridge,dcambridge41@dailymotion.com,Female,2023-02-06T01:32:41Z,,159 High Crossing Street
Dudley,Rowlatt,drowlatt42@walmart.com,Male,2023-06-23T16:49:48Z,,6168 Birchwood Way
,Berzins,mberzins43@netvibes.com,Male,,,5 Shopko Road
Germaine,Skrzynski,gskrzynski44@meetup.com,Female,2022-09-06T19:07:01Z,,51 Springs Alley
Dusty,Stanyland,,Female,2022-12-21T15:38:54Z,Västmanland,
Gussy,Marsay,gmarsay46@shop-pro.jp,Female,2023-01-16T07:48:16Z,,784 Main Place
Faye,Sutor,fsutor47@nih.gov,Female,2023-04-21T01:43:30Z,,3024 Northport Place
Ric,Ralph,rralph48@yolasite.com,Male,2022-10-16T12:45:05Z,,5 Melody Avenue
Marla,Adds,madds49@nba.com,Female,2023-04-10T16:03:11Z,,7862 Del Mar Street
,Youson,syouson4a@census.gov,Male,2022-11-29T07:02:22Z,,6 Basil Trail
Chaunce,Schwaiger,,Male,2023-07-10T05:20:37Z,,37 Algoma Alley
,Keay,hkeay4c@pagesperso-orange.fr,Female,2023-04-02T23:44:38Z,,68609 Bellgrove Pass
Marj,Grishunin,mgrishunin4d@themeforest.net,Female,2022-09-13T12:16:58Z,Chiapas,9867 Westend Avenue
Wheeler,Lyle,wlyle4e@wikispaces.com,Male,2023-05-17T13:39:06Z,,00 Porter Parkway
Amargo,O'Halligan,aohalligan4f@vinaora.com,Female,2022-09-25T10:04:11Z,,90 Maryland Road
Orlan,Redman,oredman4g@umn.edu,Male,,,71222 Menomonie Park
,Crimin,ecrimin4h@comcast.net,Male,2023-04-01T11:06:43Z,,0 Golden Leaf Circle
Gaile,Murfett,gmurfett4i@dyndns.org,Male,,,6 Sullivan Drive
,Deaconson,gdeaconson4j@tinyurl.com,Male,2022-10-15T23:39:21Z,,777 Mitchell Park
Shepherd,Dorrity,sdorrity4k@spiegel.de,Male,2023-03-12T15:22:27Z,,39 Oakridge Avenue
Diannne,Whear,dwhear4l@theguardian.com,Agender,,,417 Mallard Center
Abraham,Farncomb,afarncomb4m@posterous.com,Polygender,2022-11-15T10:47:57Z,Poitou-Charentes,01892 Glendale Park
Beverie,Criple,bcriple4n@youtu.be,Female,2022-11-18T20:31:46Z,Stockholm,07890 Stephen Circle
Kayley,Prevost,kprevost4o@oaic.gov.au,Female,2023-05-09T04:53:40Z,,97 Oak Valley Drive
Ancell,Colleymore,acolleymore4p@independent.co.uk,Male,2023-03-29T12:35:38Z,,30 Burning Wood Hill
Vincent,O' Finan,vofinan4q@ftc.gov,Male,,,7879 Graceland Road
Shawn,Mebes,smebes4r@census.gov,Male,2023-05-07T14:42:55Z,,91 Old Gate Road
Kerwin,Gribbins,kgribbins4s@vinaora.com,Bigender,,,45797 Victoria Pass
Karissa,Weall,kweall4t@dailymail.co.uk,Genderqueer,2023-05-27T03:28:01Z,,
Yolanda,Syrad,ysyrad4u@baidu.com,Female,2022-09-11T10:22:43Z,,879 Ruskin Crossing
Nahum,Rajchert,nrajchert4v@archive.org,Male,2023-04-14T19:03:13Z,,306 Gale Hill
Bettye,Balden,bbalden4w@artisteer.com,Female,2023-03-29T10:54:49Z,,50701 Loftsgordon Court
,Sweeny,esweeny4x@archive.org,Female,2022-12-14T01:38:43Z,,04062 Susan Plaza
Jase,Caddock,jcaddock4y@ustream.tv,Male,2022-12-21T09:40:18Z,,9232 Moulton Drive
Cathi,Devigne,cdevigne4z@prlog.org,Female,2022-12-27T14:24:32Z,,318 Steensland Circle
Catlaina,Shanklin,cshanklin50@home.pl,Female,2022-11-12T04:59:07Z,,146 Stoughton Center
Kore,Lochet,klochet51@yale.edu,Female,2023-05-16T16:50:18Z,,957 Quincy Point
Jamey,Victoria,jvictoria52@cornell.edu,Male,,,4 Bay Alley
,Rikel,jrikel53@yahoo.co.jp,Female,2022-08-18T00:09:02Z,,5 Florence Center
Brenden,Attewell,battewell54@privacy.gov.au,Male,2023-06-08T23:55:10Z,,3 Fair Oaks Pass
Clemmy,Vause,cvause55@infoseek.co.jp,Genderqueer,2023-07-01T00:43:17Z,,0789 Menomonie Place
Orelle,Moret,omoret56@marketwatch.com,Female,2023-04-30T13:42:08Z,,8522 Dovetail Hill
Danila,Coales,dcoales57@admin.ch,Female,2022-09-26T07:57:20Z,,8578 Menomonie Lane
Eberto,Blint,eblint58@free.fr,Male,2022-11-11T12:14:13Z,,49006 Schmedeman Crossing
Wells,Dasent,wdasent59@ask.com,Male,2023-04-19T05:49:46Z,,53 Service Avenue
Fraze,Devil,fdevil5a@patch.com,Genderqueer,2023-02-17T07:18:58Z,,
Concordia,Abbatucci,cabbatucci5b@microsoft.com,Female,2023-02-28T01:01:24Z,Viana do Castelo,9 Scott Center
Anthiathia,Beckett,abeckett5c@last.fm,Female,2023-02-23T03:44:31Z,Provence-Alpes-Côte d'Azur,206 Riverside Court
Kerwinn,Vinsen,kvinsen5d@w3.org,Genderfluid,2023-03-11T04:16:00Z,,785 Kropf Place
Malva,Huglin,mhuglin5e@ezinearticles.com,Female,2023-08-12T04:49:45Z,Porto,263 Jenifer Place
Stanfield,Danielski,sdanielski5f@quantcast.com,Male,2023-01-14T20:12:21Z,,7 Oakridge Park
Eal,Vader,evader5g@ucoz.ru,Male,,,320 Welch Avenue
Lauralee,Testro,ltestro5h@bloomberg.com,Agender,2022-12-21T03:06:22Z,,91 Elka Way
Shaw,Elvish,selvish5i@timesonline.co.uk,Male,2022-09-24T17:54:44Z,,4 Waywood Street
Aile,Lorroway,alorroway5j@elegantthemes.com,Female,2022-12-02T18:44:09Z,Setúbal,918 Acker Road
Dorise,Jakubiak,djakubiak5k@disqus.com,Female,2022-11-22T09:58:26Z,,6908 North Point
,Duckworth,jduckworth5l@vimeo.com,Polygender,2023-03-04T00:18:49Z,,64353 Grasskamp Parkway
Shermie,Bernardinelli,,Male,2022-09-09T07:41:32Z,,37 Derek Court
Dorey,Alger,dalger5n@pinterest.com,Male,,,3 Armistice Place
Horatius,Droghan,hdroghan5o@linkedin.com,Male,,,35 Eggendart Lane
Krista,Etherington,ketherington5p@toplist.cz,Female,2023-02-09T08:14:55Z,Västerbotten,
Kippy,Robison,krobison5q@shop-pro.jp,Male,2022-11-05T22:21:35Z,,5679 Evergreen Plaza
Lavinie,Madge,lmadge5r@nsw.gov.au,Female,2022-10-23T02:02:45Z,,143 Lake View Place
Kendall,Donaway,kdonaway5s@harvard.edu,Genderfluid,2022-12-02T06:16:16Z,,065 Westend Avenue
,Rosterne,rrosterne5t@skype.com,Bigender,2023-07-15T14:36:52Z,,7233 Dovetail Hill
Rodina,Raybould,rraybould5u@flickr.com,Female,2022-10-25T13:53:44Z,,3176 Monterey Park
Lurlene,Yesinov,lyesinov5v@ehow.com,Genderqueer,2023-06-27T11:32:02Z,,03423 Sunfield Alley
,Bousler,sbousler5w@chronoengine.com,Bigender,2023-02-17T11:01:40Z,Region Hovedstaden,6 Russell Street
Clarie,Johnston,cjohnston5x@comcast.net,Female,2023-06-08T13:53:05Z,,2 Reinke Terrace
Debra,Gulc,,Female,2022-10-01T13:12:51Z,,5 Carberry Center
Jeannette,Mesant,jmesant5z@hostgator.com,Female,2023-04-05T14:15:28Z,,759 Ludington Crossing
Shaylynn,Fludgate,sfludgate60@ox.ac.uk,Female,2022-10-05T20:02:05Z,,48707 Dryden Lane
,Shipston,,Female,2023-03-15T11:16:19Z,Lisboa,4371 Boyd Street
Carina,McQuilliam,cmcquilliam62@upenn.edu,Female,2023-05-22T16:49:13Z,,09531 Dawn Avenue
Janaya,Aldrick,jaldrick63@nymag.com,Female,,,3900 Aberg Point
Palm,Kenningham,pkenningham64@prlog.org,Genderfluid,2023-03-29T04:22:31Z,,5 Sommers Place
Clifford,D'Oyly,cdoyly65@gizmodo.com,Male,2023-05-10T13:55:56Z,,33 Cody Way
Alikee,McGuggy,amcguggy66@jigsy.com,Female,2023-01-09T20:24:21Z,,028 Victoria Alley
Aluin,Chiese,,Agender,2023-01-30T09:16:07Z,Ontario,2169 Blackbird Pass
Rex,Macer,rmacer68@sakura.ne.jp,Male,2023-06-13T16:16:52Z,Michigan,62 Eagan Court
Terrel,Steketee,tsteketee69@sbwire.com,Male,2023-02-22T19:08:42Z,,3 Northridge Alley
Lukas,Jessep,ljessep6a@fotki.com,Male,,,84116 Corscot Crossing
Evey,Scoggans,escoggans6b@google.pl,Female,2023-01-28T10:53:04Z,,15041 Atwood Lane
Vincenty,Kilsby,vkilsby6c@infoseek.co.jp,Male,2022-12-29T12:10:17Z,,610 Ruskin Hill
,Betty,fbetty6d@phoca.cz,Female,2022-11-11T20:07:47Z,,9040 Warbler Parkway
Linda,Cowap,,Female,2022-09-05T08:40:25Z,Västra Götaland,02052 Barby Junction
,Bullier,gbullier6f@techcrunch.com,Male,2023-08-09T19:01:58Z,,
Raoul,Abbiss,rabbiss6g@ucla.edu,Non-binary,2023-03-14T00:59:17Z,,3565 Vermont Center
Thorny,Treleaven,ttreleaven6h@examiner.com,Male,2022-10-27T20:28:43Z,,080 Thierer Drive
Shaughn,Blowes,sblowes6i@ed.gov,Male,2022-12-09T09:05:15Z,,64457 Kennedy Point
Maris,Muddiman,mmuddiman6j@yahoo.com,Female,2023-06-25T01:23:48Z,,78 Dahle Park
Anallise,Cranfield,acranfield6k@unesco.org,Female,2023-04-28T09:55:53Z,,00534 Arizona Circle
Lazar,Presslee,lpresslee6l@examiner.com,Male,2022-09-26T02:04:39Z,England,81060 Waubesa Circle
Agnella,Varney,avarney6m@ifeng.com,Female,2023-02-24T06:22:58Z,,595 Merchant Park
Merrie,Dabrowski,mdabrowski6n@unicef.org,Female,2022-12-20T11:27:52Z,,4180 Bluejay Point
Mac,Yuill,myuill6o@nature.com,Male,2023-06-08T04:23:49Z,Veracruz Llave,0 Merry Road
Jsandye,Hatley,jhatley6p@zdnet.com,Female,2023-01-09T23:00:08Z,,41 Reinke Court
Jud,Wall,jwall6q@list-manage.com,Male,2023-06-09T12:03:04Z,Troms,740 Loomis Trail
Eustace,Fearn,efearn6r@amazonaws.com,Male,2023-01-30T11:31:10Z,,9602 Pond Terrace
,Neeve,aneeve6s@independent.co.uk,Male,2023-02-18T20:51:14Z,,78 Lunder Hill
Smitty,Brisset,sbrisset6t@godaddy.com,Male,2022-09-06T13:43:39Z,,15608 Miller Park
Barbara-anne,Jorden,bjorden6u@people.com.cn,Female,2023-05-27T08:36:46Z,,27 Sutteridge Road
Tommie,Cherrett,tcherrett6v@salon.com,Female,,,596 Dryden Road
Jarib,Sikorsky,jsikorsky6w@arizona.edu,Male,,,95 Dawn Lane
,Dorr,bdorr6x@theglobeandmail.com,Female,2022-11-20T16:15:13Z,Oslo,42026 Westerfield Alley
Clara,Luney,cluney6y@marketwatch.com,Female,2022-09-26T20:02:46Z,,8 Memorial Road
Inger,Bonniface,,Female,2023-06-09T09:48:30Z,,11 Jackson Hill
Brittan,Hasling,bhasling70@g.co,Female,2023-04-26T04:02:50Z,,779 Bayside Parkway
Egbert,Guidera,eguidera71@cdbaby.com,Male,2022-11-05T03:12:37Z,,41 Rigney Court
Allene,Jendrys,ajendrys72@php.net,Female,2022-12-04T01:22:11Z,Île-de-France,368 Columbus Way
Emalia,Pillans,epillans73@mlb.com,Female,2022-09-09T10:18:02Z,,48848 Comanche Lane
Alvera,Brisset,abrisset74@ucla.edu,Female,2023-07-18T09:31:03Z,,9828 La Follette Park
,Londer,rlonder75@eepurl.com,Female,2022-09-26T06:00:32Z,,2 Evergreen Pass
Sheela,O'Suaird,,Female,2023-01-15T11:12:14Z,England,63 Grayhawk Plaza
Langsdon,Bamlett,lbamlett77@ftc.gov,Male,2022-12-15T05:39:22Z,Stockholm,649 Holy Cross Plaza
Shay,Plampin,splampin78@telegraph.co.uk,Female,2022-10-17T12:12:00Z,,27058 Oriole Pass
Dean,Steggals,dsteggals79@constantcontact.com,Male,,,6579 Petterle Way
Emilio,Plaister,eplaister7a@cpanel.net,Male,,,4321 Buhler Avenue
Lisabeth,Younghusband,lyounghusband7b@acquirethisname.com,Female,2023-05-26T16:57:28Z,,3735 Brentwood Terrace
Carolyne,Boolsen,cboolsen7c@ameblo.jp,Female,2023-01-16T18:01:06Z,,47859 Lakewood Gardens Alley
Latisha,Ambage,lambage7d@sina.com.cn,Female,2023-04-16T22:40:43Z,,2 Forest Dale Point
,Dodimead,tdodimead7e@admin.ch,Female,2022-10-02T08:50:01Z,,62 Paget Hill
Michelle,Peppin,,Female,2022-10-17T19:50:32Z,,9 Shopko Place
Prent,Suddell,psuddell7g@wix.com,Male,2023-07-20T00:56:28Z,,49 Onsgard Center
Renata,Gascoyen,rgascoyen7h@biglobe.ne.jp,Female,2023-01-14T16:32:39Z,,593 Union Avenue
Gabby,Folli,gfolli7i@nhs.uk,Male,2023-01-10T23:17:09Z,,97 Steensland Parkway
Lucy,Evangelinos,levangelinos7j@bing.com,Female,2023-02-11T01:51:36Z,Lisboa,1 Almo Trail
Lissa,Kilmary,lkilmary7k@amazon.de,Female,,,69451 Browning Terrace
Moishe,Pegrum,mpegrum7l@imgur.com,Male,2022-11-09T13:29:58Z,Georgia,6348 Porter Court
Nikkie,Sickert,nsickert7m@census.gov,Female,2023-06-06T19:10:40Z,,85968 Onsgard Point
,Kaman,dkaman7n@friendfeed.com,Female,2023-03-17T15:34:55Z,,399 Green Drive
Stevie,Hayers,shayers7o@jiathis.com,Male,2023-06-17T10:14:17Z,,31 Bultman Trail
Jocko,Kunneke,jkunneke7p@people.com.cn,Male,2023-04-11T01:28:52Z,,08 Dapin Circle
,Millican,nmillican7q@cargocollective.com,Male,2023-05-09T10:50:33Z,Ontario,22786 Hansons Court
Micheline,Limming,mlimming7r@zimbio.com,Female,2023-02-05T22:59:07Z,,09729 Sheridan Junction
Care,Woofenden,cwoofenden7s@reuters.com,Male,2023-07-06T13:19:09Z,,2611 Buell Court
Annabelle,Gellier,agellier7t@cbslocal.com,Female,2023-06-03T16:17:43Z,,8025 Nelson Parkway
Ermanno,Grieg,egrieg7u@usnews.com,Male,,,36 Bartillon Parkway
Percy,Bapty,pbapty7v@adobe.com,Male,2022-09-13T03:36:33Z,,8941 Sunfield Hill
Abra,Presswell,apresswell7w@aol.com,Polygender,2023-03-16T09:13:04Z,,3 Bellgrove Drive
Kelsy,Ervine,kervine7x@msn.com,Female,2023-05-12T18:26:54Z,,207 Kropf Place
Fred,Yanuk,fyanuk7y@goodreads.com,Male,2022-11-11T17:28:08Z,,5859 Eagle Crest Court
Paton,O'Gormley,pogormley7z@google.cn,Non-binary,2023-03-13T10:48:17Z,Île-de-France,11535 Fordem Point
Clem,Whimpenny,cwhimpenny80@cnbc.com,Female,2023-05-14T04:01:25Z,,96 Fremont Park
Francine,Bridgland,fbridgland81@icq.com,Female,2022-09-30T22:56:55Z,,614 Muir Trail
Jobey,Knapper,jknapper82@dagondesign.com,Female,2023-02-06T12:56:44Z,,99 Briar Crest Park
Adolpho,Bland,abland83@lulu.com,Male,2022-12-18T01:58:49Z,,5 Gerald Terrace
,Blezard,rblezard84@disqus.com,Male,2023-01-20T16:32:13Z,,8230 Grayhawk Avenue
Say,Astridge,sastridge85@nba.com,Male,2023-02-04T10:01:57Z,Västerbotten,98 Del Sol Parkway
Estella,Mustoo,emustoo86@github.com,Female,2023-06-21T23:31:19Z,Corse,2442 Nobel Place
Stacee,Altamirano,saltamirano87@amazon.de,Female,2023-03-31T00:20:18Z,,99033 Logan Place
Dierdre,Mifflin,dmifflin88@sfgate.com,Female,2023-01-27T09:40:11Z,,994 Florence Terrace
Roderigo,Whitelock,rwhitelock89@theglobeandmail.com,Male,2022-10-31T20:00:34Z,,188 Lake View Crossing
Nessa,Olivier,nolivier8a@google.cn,Female,2022-09-26T12:24:25Z,,11055 Swallow Parkway
Patrice,Kenan,pkenan8b@jiathis.com,Male,2023-05-03T09:33:57Z,Missouri,
Anne-corinne,Piddlehinton,,Female,2022-11-07T06:04:36Z,,316 Grim Place
Lenee,Parfitt,lparfitt8d@vk.com,Female,2023-03-23T11:54:10Z,,7642 Lukken Avenue
Joelynn,Pryde,jpryde8e@hud.gov,Polygender,2023-01-14T15:59:09Z,,315 Moose Plaza
Eva,Hulse,ehulse8f@globo.com,Female,2023-01-25T22:17:28Z,,140 Calypso Place
Diandra,Tolemache,dtolemache8g@netvibes.com,Bigender,2022-09-28T22:47:51Z,,2998 Northwestern Way
Guy,Trewinnard,gtrewinnard8h@umn.edu,Male,2023-05-27T17:00:32Z,,59708 Harper Drive
Connor,Rapps,,Male,2023-05-07T16:27:44Z,,8 Aberg Avenue
Padraic,Hayle,phayle8j@dagondesign.com,Male,2022-10-26T14:25:46Z,,48116 Sunfield Place
Zitella,Sevitt,zsevitt8k@indiatimes.com,Female,2023-02-09T09:40:34Z,,35 Larry Pass
Raymund,Dello,rdello8l@naver.com,Genderfluid,2023-03-26T14:55:56Z,Tennessee,31002 Granby Circle
,Enion,genion8m@amazon.co.jp,Male,2022-11-06T17:04:08Z,,83 Bay Place
Neille,Frede,nfrede8n@about.com,Female,2023-04-04T09:40:12Z,,47764 Anderson Center
Donnie,Setch,,Female,2022-10-19T23:45:21Z,,20058 Stephen Hill
Royall,Mulder,rmulder8p@behance.net,Male,2023-06-30T01:04:57Z,,370 Mccormick Center
Brendin,Bhatia,bbhatia8q@mtv.com,Male,2023-04-01T22:52:10Z,Pahang,56869 Memorial Trail
Estel,Wilse,ewilse8r@harvard.edu,Female,2022-12-22T21:56:43Z,,2081 Esker Court
,de Guise,bdeguise8s@princeton.edu,Female,2022-10-21T04:35:09Z,England,19 Dayton Hill
Yancey,Alelsandrowicz,yalelsandrowicz8t@smh.com.au,Male,2022-08-26T13:17:51Z,,73106 Continental Terrace
Reidar,Boulder,rboulder8u@cdc.gov,Male,2023-05-03T03:30:19Z,,6999 Sommers Way
Virgie,Wakefield,vwakefield8v@mit.edu,Female,2023-06-05T15:02:02Z,,1 Sullivan Parkway
Helga,Bransom,hbransom8w@ft.com,Female,2022-11-08T22:07:44Z,,73122 Declaration Avenue
Leela,Douglass,ldouglass8x@usatoday.com,Female,2023-06-23T08:35:47Z,,92379 8th Point
Mill,Stopher,mstopher8y@hubpages.com,Male,2022-09-29T15:48:06Z,,31252 Debra Hill
Lola,Lyddiatt,llyddiatt8z@netvibes.com,Female,2022-10-24T20:50:14Z,,82762 Onsgard Park
Kasper,Aulds,kaulds90@deliciousdays.com,Male,2023-05-11T13:45:45Z,,49724 Thompson Parkway
,Erickssen,berickssen91@mashable.com,Female,2022-10-09T16:00:25Z,,1 Elgar Lane
Beatrice,Desmond,bdesmond92@skyrock.com,Female,2023-06-02T21:56:34Z,,5278 Graedel Lane
Fin,Heaysman,fheaysman93@elpais.com,Bigender,2022-09-13T19:09:02Z,,412 Everett Way
Elva,Jenton,ejenton94@sitemeter.com,Female,2022-12-20T08:58:00Z,,0 Mandrake Road
Ailyn,Orgee,aorgee95@oaic.gov.au,Female,2022-11-19T17:04:12Z,,0757 Hagan Center
,Cadamy,lcadamy96@dagondesign.com,Male,2023-01-04T01:04:26Z,,700 Hayes Lane
Sidonia,Radbond,sradbond97@cbc.ca,Female,2022-09-10T08:51:50Z,,6391 Bunker Hill Junction
Ronnie,Heinschke,rheinschke98@wordpress.org,Male,2023-01-31T23:55:52Z,,2211 Cambridge Parkway
Ruperto,Sabattier,rsabattier99@sakura.ne.jp,Male,2022-09-22T16:33:04Z,,1981 High Crossing Hill
Yorgo,Gammons,ygammons9a@t-online.de,Bigender,2022-10-02T12:13:41Z,,3 Artisan Plaza
Raynor,Bumpas,rbumpas9b@lulu.com,Male,2023-03-17T00:33:43Z,,07470 Duke Place
Glen,Pasby,gpasby9c@t-online.de,Female,2022-10-09T07:16:35Z,Indiana,8634 Carey Circle
Cletus,Wybern,cwybern9d@narod.ru,Genderfluid,2022-12-31T08:48:17Z,,675 Anniversary Place
Deane,Diter,dditer9e@etsy.com,Female,2023-04-18T02:15:01Z,,83175 Northland Park
,Chrystal,cchrystal9f@columbia.edu,Female,,Porto,3 Becker Junction
Gayle,Meriel,gmeriel9g@bbc.co.uk,Female,2022-08-29T13:07:04Z,,352 Bayside Way
Addie,Ewbanks,aewbanks9h@angelfire.com,Female,2023-03-18T16:44:34Z,,2 Hagan Junction
Barnard,Lilion,blilion9i@google.de,Male,2022-10-15T06:53:36Z,,128 Sullivan Drive
Staffard,Crawford,scrawford9j@yahoo.com,Male,2022-11-05T07:50:27Z,,838 Karstens Circle
Agatha,Inchcomb,ainchcomb9k@tripadvisor.com,Female,2023-06-25T04:35:25Z,,62 Gale Trail
,Wasson,dwasson9l@nhs.uk,Male,,,4388 Blue Bill Park Center
Tamera,Ainsworth,tainsworth9m@soundcloud.com,Female,2023-04-24T01:06:37Z,,9855 Vernon Parkway
Madge,Shirland,mshirland9n@tripadvisor.com,Female,2022-10-30T22:42:45Z,,3 Laurel Junction
Mile,Oldroyde,moldroyde9o@newyorker.com,Male,2023-01-02T03:59:05Z,,741 Maple Terrace
Fredi,Siggee,fsiggee9p@nbcnews.com,Female,2022-12-22T21:32:55Z,Île-de-France,2 Crowley Place
Mechelle,Durrad,mdurrad9q@mashable.com,Female,2022-09-18T21:45:14Z,,5634 Anthes Point
Craig,Werendell,cwerendell9r@vimeo.com,Male,2023-04-29T12:10:05Z,,7761 Cottonwood Alley
Paddy,Cheng,pcheng9s@addthis.com,Male,2023-03-06T12:09:12Z,,45523 Lillian Point
Shaughn,Trays,strays9t@yandex.ru,Male,2022-09-16T03:33:25Z,,80327 Cottonwood Avenue
Jaquith,Hryncewicz,jhryncewicz9u@shutterfly.com,Female,,,394 Farwell Circle
Chloris,Walne,cwalne9v@lycos.com,Female,2022-09-17T22:51:21Z,,4 Killdeer Place
Ainsley,Kalisch,akalisch9w@cyberchimps.com,Female,2023-05-25T07:55:30Z,,84573 Anderson Court
Joseito,O'Hartagan,johartagan9x@trellian.com,Male,2023-05-11T05:04:30Z,,6 Rieder Lane
Alverta,Jakucewicz,ajakucewicz9y@trellian.com,Genderfluid,2023-07-15T00:07:09Z,,1956 Westend Terrace
Pattie,Medina,pmedina9z@yahoo.com,Bigender,2022-08-19T12:26:52Z,,497 Bobwhite Point
Perry,McLuckie,pmcluckiea0@tmall.com,Male,2023-07-28T23:29:54Z,Lorraine,117 Village Hill
Minetta,Lingard,mlingarda1@wired.com,Female,2023-07-05T23:26:57Z,,1 Loomis Point
,Whiskin,cwhiskina2@va.gov,Female,2022-10-19T13:27:57Z,,38 Utah Street
Shelby,O'Hern,soherna3@cbslocal.com,Male,2022-10-18T04:46:45Z,Michigan,872 Fieldstone Place
,Rack,bracka4@hao123.com,Female,2023-05-26T13:17:42Z,,5860 Bunting Park
Paulie,Wannell,pwannella5@51.la,Male,2023-01-14T06:02:57Z,,2980 Katie Park
Thatch,Litton,tlittona6@t-online.de,Male,2022-10-10T20:22:42Z,,2683 Stoughton Parkway
,Lickess,tlickessa7@wisc.edu,Male,2022-09-09T15:22:19Z,Puebla,43 Heffernan Court
Sam,Marjanski,smarjanskia8@squidoo.com,Male,2022-12-19T01:54:52Z,,98 Ruskin Alley
Stacee,Desvignes,sdesvignesa9@epa.gov,Male,2023-01-03T06:50:20Z,,6 Corscot Terrace
Augustina,Lorrain,alorrainaa@a8.net,Female,2023-01-21T11:38:35Z,,7718 West Parkway
,Barley,zbarleyab@qq.com,Male,2023-01-23T15:35:50Z,,8 Butterfield Trail
Hadlee,Richardeau,hrichardeauac@sakura.ne.jp,Bigender,2023-01-10T10:43:04Z,Lisboa,1 Dixon Pass
,Orange,sorangead@digg.com,Male,,,32 Graedel Junction
,Mixter,dmixterae@ted.com,Male,2022-10-08T12:07:36Z,,1574 Packers Pass
Babs,Wedon,bwedonaf@dot.gov,Female,2022-10-26T05:21:20Z,,435 Hoepker Way
Emmalee,Orvis,eorvisag@unicef.org,Female,2023-05-09T19:30:16Z,,10617 Truax Park
Rosco,Rickman,rrickmanah@timesonline.co.uk,Male,2023-05-04T12:00:03Z,,01 Crest Line Hill
Devland,Siddons,dsiddonsai@theatlantic.com,Male,2023-08-03T13:28:10Z,,183 Spaight Drive
,Lowre,flowreaj@eventbrite.com,Female,2022-09-16T17:24:38Z,,249 Blackbird Junction
Ana,Huard,ahuardak@hatena.ne.jp,Female,2022-11-26T17:47:21Z,,2412 Brickson Park Plaza
,McAllan,lmcallanal@miitbeian.gov.cn,Agender,2023-07-14T11:30:17Z,,35 Pawling Court
Shelbi,Romanelli,sromanelliam@ezinearticles.com,Female,2023-05-06T14:22:56Z,,0 Grayhawk Circle
Violette,Clyde,vclydean@psu.edu,Female,2022-12-10T03:42:56Z,,1289 Clemons Way
Ingeborg,Critoph,icritophao@wix.com,Female,2023-05-16T16:09:50Z,,77039 Eliot Park
Karna,Bentame,,Genderqueer,2023-01-12T10:01:50Z,,49354 Pepper Wood Park
Marijn,Biggin,mbigginaq@hatena.ne.jp,Male,2023-03-22T18:41:34Z,Alberta,31 Eastlawn Place
Dallas,Simoneau,dsimoneauar@ox.ac.uk,Polygender,2023-07-03T10:11:39Z,,5 Fuller Parkway
Sheila-kathryn,Lodford,slodfordas@cam.ac.uk,Female,2023-04-28T12:53:26Z,,56 Nancy Pass
Morton,Jori,mjoriat@purevolume.com,Male,2022-11-23T22:57:36Z,,793 Tennyson Parkway
Hilly,Hannond,hhannondau@acquirethisname.com,Male,2023-02-24T22:16:29Z,,51274 Graceland Point
,Marton,kmartonav@ox.ac.uk,Female,2023-03-01T19:50:38Z,,444 Sunbrook Pass
Mano,Conew,mconewaw@wisc.edu,Male,2022-12-25T23:56:08Z,,0834 Sherman Alley
Josselyn,Dunlea,jdunleaax@t.co,Female,2023-03-30T12:09:42Z,,42008 Gale Alley
,Beggan,,Female,2022-09-26T19:19:26Z,,00 Sachtjen Point
Lefty,Solon,lsolonaz@photobucket.com,Male,2022-09-28T09:08:52Z,,
,Crannis,rcrannisb0@ameblo.jp,Male,2023-06-20T04:57:06Z,,0106 Milwaukee Drive
Freddie,Chorley,fchorleyb1@columbia.edu,Male,2022-10-14T02:28:26Z,,0 Tennessee Avenue
,Burnup,bburnupb2@yolasite.com,Male,2023-03-26T13:26:25Z,,39966 Pennsylvania Crossing
Lazaro,Wheatland,lwheatlandb3@squidoo.com,Male,2023-01-31T19:32:26Z,,8968 Ronald Regan Alley
Eberto,Simionescu,esimionescub4@topsy.com,Male,2022-08-24T09:05:40Z,Texas,122 Mitchell Avenue
,Heyball,bheyballb5@goo.gl,Male,2022-10-27T08:16:23Z,,6 Morning Road
Kaycee,Roberds,kroberdsb6@usgs.gov,Female,2022-12-19T18:08:59Z,,50 Haas Alley
Zed,Tillot,ztillotb7@shop-pro.jp,Male,2023-08-09T10:17:26Z,,
,Manville,fmanvilleb8@reverbnation.com,Male,2023-05-02T03:27:03Z,,4583 Delladonna Street
Moll,Delacourt,,Genderqueer,,,4 Ludington Pass
Clement,Cooley,ccooleyba@epa.gov,Non-binary,2023-08-01T16:56:55Z,,75 Starling Parkway
Willard,Sayburn,wsayburnbb@lulu.com,Male,2022-11-14T08:27:34Z,,416 Bartillon Trail
,Eard,meardbc@so-net.ne.jp,Female,2022-11-24T04:00:08Z,,93 Jana Road
Wang,Buckerfield,wbuckerfieldbd@hibu.com,Male,2022-09-06T17:24:44Z,,72 East Junction
Shepperd,Wycherley,swycherleybe@ebay.co.uk,Male,2023-07-18T21:07:31Z,,06560 Waubesa Street
Ivar,Brignell,ibrignellbf@usatoday.com,Male,2022-09-12T12:52:06Z,,969 Main Plaza
Cindie,Sleford,cslefordbg@ucoz.ru,Female,2023-06-02T19:45:03Z,,88 North Crossing
Riley,Lynch,rlynchbh@statcounter.com,Male,2022-08-28T21:28:52Z,,960 Morning Parkway
,Townsend,jtownsendbi@weebly.com,Male,2023-04-03T07:10:56Z,,546 Browning Center
Marlo,Thorald,mthoraldbj@kickstarter.com,Female,2023-06-28T11:18:59Z,,4 Esker Alley
Cristian,Paffett,cpaffettbk@vimeo.com,Male,2023-02-20T12:13:03Z,,0117 Talmadge Pass
Kit,Durtnall,kdurtnallbl@marketwatch.com,Male,2023-02-03T23:43:36Z,,57 Lukken Crossing
Xylia,Trowle,xtrowlebm@berkeley.edu,Female,2023-02-22T19:51:50Z,Västmanland,3 Di Loreto Lane
Glyn,Slograve,gslogravebn@comcast.net,Female,,,0 Bartelt Road
Duncan,Fossick,dfossickbo@opensource.org,Male,2022-10-17T14:53:33Z,,3228 Meadow Valley Lane
,Blaver,hblaverbp@buzzfeed.com,Female,2023-07-28T01:55:44Z,,56 Hanson Lane
Noell,Breyt,nbreytbq@xing.com,Agender,2023-03-19T21:03:54Z,,19 Jenna Terrace
Cristabel,Mingay,cmingaybr@vkontakte.ru,Female,2023-08-07T11:33:32Z,,81 Canary Circle
,Cluelow,rcluelowbs@gnu.org,Genderqueer,2022-08-24T07:22:58Z,,01408 Maywood Road
Pauline,Gruczka,,Female,2023-01-03T14:13:25Z,,09001 Sloan Junction
Baxy,Murrison,bmurrisonbu@twitpic.com,Male,2023-02-03T23:19:13Z,,80697 Harper Parkway
Erika,Wyldes,ewyldesbv@time.com,Female,2023-01-30T22:31:37Z,,153 Veith Junction
Bartolomeo,Cours,bcoursbw@cbc.ca,Male,2022-11-06T03:56:12Z,Virginia,121 Continental Way
,Brasse,abrassebx@digg.com,Male,2023-02-18T12:12:58Z,,985 Hauk Terrace
Abigael,Gaye,agayeby@godaddy.com,Genderfluid,2022-12-19T01:38:36Z,,316 Duke Circle
Denys,Mc Combe,,Male,2022-10-03T21:00:17Z,,273 Raven Circle
Jourdain,Pipworth,jpipworthc0@bigcartel.com,Male,2022-10-01T17:25:38Z,,322 Little Fleur Parkway
,Bygreaves,abygreavesc1@macromedia.com,Male,2023-06-08T09:09:52Z,,
Deloris,Jellico,djellicoc2@seesaa.net,Female,2022-10-09T23:00:07Z,,26015 Arapahoe Hill
Adorne,Sillick,asillickc3@skyrock.com,Female,2023-07-06T23:35:36Z,,148 Northwestern Place
Maurie,Acaster,macasterc4@wsj.com,Male,2022-09-01T17:45:49Z,,210 Commercial Crossing
Pedro,Watkinson,pwatkinsonc5@webeden.co.uk,Male,2023-08-15T19:32:20Z,,8241 Glacier Hill Lane
Stacy,Byfield,sbyfieldc6@census.gov,Female,2022-08-16T13:27:14Z,,0 Meadow Valley Street
Noble,Riedel,nriedelc7@nydailynews.com,Male,2023-04-30T18:17:39Z,,4444 Beilfuss Point
Warde,Towll,wtowllc8@oaic.gov.au,Male,2022-12-04T15:05:57Z,,910 Everett Court
Mathian,Fairham,mfairhamc9@dot.gov,Genderfluid,2022-09-24T08:00:00Z,,7 Butternut Crossing
Tamara,Darbon,,Female,2022-09-04T01:21:07Z,,7591 Butternut Pass
Lib,Fisby,lfisbycb@hud.gov,Female,2023-05-31T20:09:12Z,Rhône-Alpes,75 Anzinger Terrace
Ash,O'Sherrin,aosherrincc@google.pl,Male,2022-09-20T02:03:59Z,,513 Nancy Point
,Sonner,ssonnercd@shutterfly.com,Male,2022-10-29T18:02:35Z,,6221 Vernon Alley
Carleton,Hedgeman,chedgemance@nymag.com,Male,2023-01-29T20:42:47Z,Pays de la Loire,276 Pepper Wood Court
Chrisy,Brammall,cbrammallcf@cnn.com,Male,2022-10-17T19:17:12Z,,
Nicki,Sowrah,nsowrahcg@google.com.br,Female,2022-08-22T20:31:27Z,,47146 Lotheville Crossing
Birdie,Elesander,belesanderch@vk.com,Female,2022-11-11T04:26:23Z,,1191 Redwing Road
Free,Giacobbo,fgiacobboci@1688.com,Male,2023-01-23T09:29:39Z,,9519 Clemons Place
Jodie,Broseman,jbrosemancj@newsvine.com,Female,2023-07-24T22:22:02Z,,25218 Beilfuss Hill
Norbie,Knapp,nknappck@so-net.ne.jp,Male,2023-05-24T19:48:12Z,,046 Sachtjen Hill
Jamill,Hext,jhextcl@surveymonkey.com,Male,2023-01-13T14:38:16Z,,16638 Burrows Way
,Heynen,oheynencm@upenn.edu,Genderqueer,2023-05-17T00:13:44Z,,049 Sage Point
Luise,De Francisci,ldefranciscicn@feedburner.com,Female,2023-04-18T21:09:17Z,,15717 Hagan Circle
Tamas,Melling,tmellingco@amazon.de,Agender,2022-11-13T01:36:22Z,Île-de-France,83 Rutledge Terrace
Frederick,Martinovsky,fmartinovskycp@imageshack.us,Male,2022-09-26T20:05:49Z,Beja,5079 Sloan Way
Granville,Heighton,gheightoncq@ucla.edu,Male,2023-06-19T01:37:24Z,,39 Farmco Junction
Barbara,Pheazey,bpheazeycr@arizona.edu,Female,2023-03-11T14:18:11Z,,284 Miller Drive
Farrel,Banisch,fbanischcs@freewebs.com,Male,2023-04-24T13:25:04Z,,0 Porter Hill
Rosabelle,Bamforth,rbamforthct@businessinsider.com,Female,2023-07-25T03:54:39Z,,6 Meadow Valley Parkway
Roz,Gander,rgandercu@dion.ne.jp,Female,2022-12-21T03:45:15Z,,2 Killdeer Trail
Brennan,Delion,bdelioncv@live.com,Male,2023-06-22T11:12:39Z,,38 8th Center
Dur,Singleton,dsingletoncw@addthis.com,Male,2022-11-01T02:16:58Z,,8209 Cordelia Circle
Benny,Dudbridge,bdudbridgecx@digg.com,Female,2023-06-28T20:55:45Z,,
,Aikenhead,gaikenheadcy@admin.ch,Male,2022-10-26T06:22:33Z,,88874 Merry Terrace
Mikey,Isoldi,misoldicz@soundcloud.com,Male,2023-06-28T18:11:36Z,,9327 Crowley Crossing
Devin,Vallance,dvallanced0@cbc.ca,Female,2022-08-20T20:48:31Z,,22 Commercial Court
Godwin,Battams,gbattamsd1@fastcompany.com,Male,,,27 Portage Circle
,Swindells,jswindellsd2@npr.org,Genderfluid,2022-10-31T02:47:42Z,,
Othilia,Arrighini,oarrighinid3@cisco.com,Female,2023-06-07T07:08:12Z,Castelo Branco,316 Pankratz Center
North,Hurleston,nhurlestond4@plala.or.jp,Non-binary,,,37 Merchant Hill
Theodora,Pallent,tpallentd5@yellowpages.com,Female,2023-04-16T19:33:01Z,,591 Schurz Drive
Selig,Gatrell,sgatrelld6@gizmodo.com,Male,2023-07-17T00:00:46Z,,0 Corry Drive
Moyna,Ruhben,mruhbend7@instagram.com,Female,2022-11-29T15:43:43Z,,27350 1st Way
Allister,Gapper,agapperd8@latimes.com,Male,2023-03-12T04:21:44Z,,47640 Dovetail Crossing
Spence,Larvin,slarvind9@cmu.edu,Male,2022-12-20T16:07:29Z,,717 Debra Parkway
Gianni,Minkin,gminkinda@rediff.com,Male,2022-09-26T00:38:29Z,,5 Sundown Way
Reggis,Pride,rpridedb@shop-pro.jp,Male,2023-01-06T21:53:23Z,Faro,38 Dottie Way
Wain,Ellwell,wellwelldc@list-manage.com,Male,2023-02-02T07:41:54Z,,55 Florence Center
Annadiane,Itzkovich,aitzkovichdd@blinklist.com,Female,2023-05-25T05:07:02Z,,66722 Macpherson Lane
Zachery,Jeanesson,zjeanessonde@tmall.com,Male,2022-10-11T21:13:15Z,,4194 Arrowood Alley
Minda,Bocken,mbockendf@wordpress.com,Female,2023-05-14T18:56:53Z,Cataluna,629 Trailsway Parkway
,Jimmison,ajimmisondg@e-recht24.de,Female,2023-04-09T09:54:45Z,,03081 Holy Cross Crossing
Celestyna,Trundell,ctrundelldh@dyndns.org,Female,2023-06-11T07:16:54Z,,91 Kenwood Trail
Willyt,Somerlie,wsomerliedi@youtube.com,Female,2022-11-09T20:31:20Z,,7631 Coleman Court
Fleur,Crownshaw,fcrownshawdj@theatlantic.com,Female,2022-12-31T05:21:46Z,,0806 Gulseth Plaza
Findley,Durtnel,fdurtneldk@webmd.com,Male,2023-07-22T07:18:24Z,Ontario,
Judye,McJarrow,jmcjarrowdl@chronoengine.com,Female,2023-03-25T08:33:29Z,,89 Thierer Circle
Parrnell,Masters,pmastersdm@slate.com,Male,2023-08-05T04:32:37Z,,00 Tomscot Trail
Nolly,Lound,nlounddn@nsw.gov.au,Male,2023-05-15T23:31:53Z,,0962 Westridge Terrace
,Stienham,mstienhamdo@sciencedaily.com,Male,2023-07-16T08:51:44Z,Québec,6432 Merrick Court
,Stapells,kstapellsdp@drupal.org,Female,2022-09-20T17:09:27Z,,0 Myrtle Pass
Cecily,Breens,cbreensdq@flickr.com,Non-binary,2022-10-30T15:48:54Z,,8787 Lunder Pass
Johnna,Cashley,jcashleydr@123-reg.co.uk,Polygender,2022-09-19T02:45:27Z,,9299 Pond Center
Rex,Cooch,,Non-binary,,,2797 Scott Center
Mendy,Knight,mknightdt@columbia.edu,Male,2023-05-14T21:27:51Z,,000 Dunning Hill
,Sleet,csleetdu@squarespace.com,Male,2023-03-14T21:15:55Z,,8 Bunker Hill Drive
Letitia,Bonnin,lbonnindv@eventbrite.com,Female,2022-09-24T01:09:38Z,,2 Dapin Crossing
Sheffield,Hoffner,shoffnerdw@canalblog.com,Male,2022-12-22T09:45:04Z,,0562 Roth Place
,Pickavance,spickavancedx@imageshack.us,Male,,,03510 Roxbury Road
Floyd,Suerz,fsuerzdy@adobe.com,Male,2023-07-03T17:03:38Z,,63231 Clemons Street
Hilton,Nias,hniasdz@chron.com,Male,2023-04-15T12:16:26Z,Corse,849 Browning Place
Eberto,Pownall,epownalle0@ask.com,Male,2022-11-04T14:09:12Z,,86618 Pleasure Court
Sidney,Rentoll,srentolle1@blogtalkradio.com,Bigender,2023-04-02T16:57:52Z,,61 School Center
Chuck,Bertelsen,cbertelsene2@soup.io,Male,2022-09-07T18:03:49Z,,38 Morrow Drive
,Overlow,toverlowe3@wp.com,Male,2022-10-14T15:14:07Z,Stockholm,72206 Pennsylvania Way
Mycah,Offord,mofforde4@jiathis.com,Male,2023-05-09T05:19:21Z,,7728 Schurz Avenue
Frannie,Cherrett,fcherrette5@bing.com,Male,2022-10-07T03:03:07Z,,80 Ohio Avenue
Emera,Willimott,ewillimotte6@howstuffworks.com,Female,2022-10-17T14:42:07Z,,69 Columbus Hill
Keir,Olenchenko,kolenchenkoe7@cocolog-nifty.com,Male,2022-11-18T02:16:15Z,,7 Autumn Leaf Junction
Kearney,Grieger,kgriegere8@ameblo.jp,Male,2022-12-06T21:06:30Z,,717 Sutherland Street
Bonnie,Brough,bbroughe9@gravatar.com,Female,2023-01-25T10:04:19Z,,853 Saint Paul Parkway
Franklin,Ierland,fierlandea@squidoo.com,Male,2023-07-16T06:33:59Z,,70854 Fairview Junction
,Stilldale,sstilldaleeb@friendfeed.com,Male,2023-05-30T21:21:42Z,,88 Londonderry Place
Paloma,Beese,,Female,2023-02-13T06:21:51Z,,968 Spenser Crossing
Tyson,Giannazzi,tgiannazzied@canalblog.com,Male,2023-05-18T12:13:21Z,,0 Mockingbird Crossing
,Commusso,ccommussoee@microsoft.com,Female,2022-10-17T18:01:43Z,,7872 Scott Park
,Killwick,ckillwickef@sbwire.com,Male,2023-02-03T03:01:47Z,,14 Nova Circle
Bartlett,Haddeston,bhaddestoneg@state.tx.us,Male,2023-07-17T06:19:34Z,,403 Mariners Cove Plaza
Gannon,Wayon,gwayoneh@google.it,Male,2023-01-14T00:56:27Z,,288 Marquette Way
Anya,Dunster,adunsterei@slideshare.net,Female,2023-05-10T14:10:18Z,,37 Prentice Alley
Goddart,Colhoun,gcolhounej@ca.gov,Male,2022-08-30T06:39:12Z,,9 Ramsey Court
Modesty,Aldus,maldusek@hhs.gov,Female,2023-08-02T15:46:31Z,,23766 Dawn Lane
Natale,Bilyard,nbilyardel@virginia.edu,Male,2022-12-19T14:03:54Z,,4 2nd Road
,Spare,tspareem@shinystat.com,Male,2023-06-30T22:31:01Z,,83 Farmco Street
Gibb,Pepler,gpepleren@abc.net.au,Male,2023-08-10T21:26:53Z,,81796 Truax Avenue
Odie,Enderwick,oenderwickeo@nasa.gov,Male,2023-06-08T18:03:53Z,,0448 Bluejay Parkway
Trip,Meekins,tmeekinsep@moonfruit.com,Genderqueer,2023-07-29T11:48:24Z,,76835 Carpenter Way
Clarie,Mohammed,cmohammedeq@seattletimes.com,Female,2023-08-05T16:13:01Z,,
Fulvia,Giddings,fgiddingser@goo.gl,Female,2023-07-04T23:41:46Z,,0 Autumn Leaf Park
Shanna,Woodfin,swoodfines@cyberchimps.com,Female,2023-06-03T02:40:50Z,,0 Pearson Drive
Lanna,Mulchrone,lmulchroneet@admin.ch,Female,2023-03-25T00:37:34Z,,4633 Grim Alley
Kathye,Scarth,,Female,2022-12-24T07:55:14Z,,090 Debs Crossing
Neill,Gorvette,ngorvetteev@amazonaws.com,Male,2022-10-03T05:20:19Z,,0 Banding Center
Jessalyn,Saintpierre,jsaintpierreew@senate.gov,Female,2023-08-05T11:00:51Z,,32 Reindahl Pass
Karil,Pitkeathley,kpitkeathleyex@dedecms.com,Female,,Morelos,827 Heffernan Center
Celestyna,Cornil,,Female,,,27 Stephen Road
Kimberley,Robak,krobakez@timesonline.co.uk,Female,2023-03-29T02:06:28Z,,485 Coleman Point
,Feaveer,gfeaveerf0@state.gov,Male,2022-08-16T15:48:32Z,,6664 Orin Crossing
Bronny,Maryon,bmaryonf1@amazon.de,Male,2022-11-23T00:04:51Z,Skåne,387 Bunker Hill Crossing
,D'Alesio,hdalesiof2@chronoengine.com,Male,2022-10-10T13:17:53Z,,531 Mitchell Parkway
Way,Honack,whonackf3@earthlink.net,Male,2022-09-06T18:34:46Z,Stockholm,98 Sundown Road
Udell,Calvert,ucalvertf4@apache.org,Male,2022-09-30T07:26:15Z,Ontario,24954 Nevada Terrace
,Drover,rdroverf5@pbs.org,Male,2022-11-09T02:44:01Z,,83 Brickson Park Drive
Niki,Sarre,nsarref6@berkeley.edu,Male,,Tennessee,2741 Ryan Park
,Curado,ecuradof7@yandex.ru,Male,2022-12-30T17:09:14Z,,25 Thackeray Way
Marjory,Danilyak,mdanilyakf8@hibu.com,Female,,,55 Marcy Hill
Sully,Howlings,showlingsf9@msn.com,Non-binary,2023-08-11T10:09:53Z,,39 Hazelcrest Circle
,Esposito,vespositofa@bandcamp.com,Female,2023-07-22T06:45:58Z,,8 Porter Junction
Kamillah,Titchener,ktitchenerfb@nps.gov,Female,2023-05-01T02:17:37Z,Västra Götaland,5937 Meadow Vale Terrace
Shay,Bruton,sbrutonfc@reverbnation.com,Male,2023-03-24T16:15:18Z,,15436 East Circle
,Knibb,kknibbfd@msu.edu,Male,2022-11-04T13:43:03Z,,69536 Warrior Street
Chantalle,Kainz,ckainzfe@printfriendly.com,Polygender,2022-12-08T15:05:03Z,,8 Hintze Court
Baudoin,Bradburne,bbradburneff@wufoo.com,Male,2023-03-19T18:19:45Z,,5 Monterey Hill
Gunar,Grinin,ggrininfg@hexun.com,Male,2023-02-16T21:13:40Z,,64 Novick Court
,Ruffey,mruffeyfh@npr.org,Male,2022-09-23T04:39:43Z,,
Carmelita,Druce,cdrucefi@va.gov,Polygender,2023-03-09T16:54:40Z,,56493 Butternut Way
Trumann,Renyard,trenyardfj@ucoz.ru,Male,2023-07-13T21:21:30Z,,001 Pleasure Crossing
Happy,Wakelam,hwakelamfk@soup.io,Female,2023-05-13T06:29:46Z,,17 Autumn Leaf Parkway
Winfield,Genty,wgentyfl@alibaba.com,Male,2023-06-30T20:54:23Z,,0726 Fuller Crossing
Darya,Dunbobin,ddunbobinfm@sphinn.com,Female,2023-05-19T19:32:19Z,,18 Stephen Plaza
Effie,Peete,epeetefn@fotki.com,Polygender,2023-04-21T04:41:13Z,,553 Glendale Point
Audrie,Eddisforth,aeddisforthfo@harvard.edu,Female,2023-01-31T05:45:23Z,,86745 Raven Pass
Zara,McGreary,zmcgrearyfp@whitehouse.gov,Female,2023-04-18T14:41:03Z,,248 Declaration Alley
Nero,Paliser,npaliserfq@ed.gov,Agender,2023-07-19T03:04:45Z,,78 Center Avenue
Karil,Shawel,kshawelfr@jugem.jp,Female,2022-09-05T14:47:07Z,,85 Holy Cross Lane
Alysa,Neaves,aneavesfs@ucla.edu,Genderqueer,2023-07-12T22:42:19Z,,
Everard,Macer,emacerft@nba.com,Male,2022-08-23T10:20:30Z,,6501 Monterey Circle
Karole,Cropper,kcropperfu@wisc.edu,Female,2023-01-17T10:39:23Z,,9139 Summer Ridge Terrace
Sandy,Vernham,svernhamfv@chicagotribune.com,Male,2023-07-16T17:55:29Z,Oslo,9 Lien Pass
Hill,Verick,hverickfw@dagondesign.com,Genderfluid,2023-06-21T19:51:37Z,,2 Norway Maple Center
Wayne,Goldine,wgoldinefx@myspace.com,Male,2022-11-01T05:19:02Z,,432 Mayfield Point
Ailbert,Mullarkey,amullarkeyfy@odnoklassniki.ru,Bigender,,,5807 Cordelia Lane
Rebekkah,Marquez,rmarquezfz@army.mil,Female,2023-06-28T01:38:42Z,,4601 Thierer Point
Towney,Benoist,tbenoistg0@jalbum.net,Male,2023-06-18T01:54:05Z,,95933 Michigan Trail
Elianora,Cunrado,,Female,2022-09-13T23:06:41Z,Stockholm,8442 Reindahl Alley
Dawn,MacDougall,dmacdougallg2@digg.com,Female,2023-07-04T11:43:59Z,Alberta,92681 Golden Leaf Avenue
Sybilla,Litterick,slitterickg3@slate.com,Female,2023-06-25T05:17:53Z,,048 Judy Crossing
Otto,Haswall,ohaswallg4@cam.ac.uk,Male,2023-01-11T16:27:50Z,,7779 1st Street
Amalie,O' Byrne,aobyrneg5@nsw.gov.au,Female,2023-07-13T03:12:42Z,,4 Pierstorff Center
Barbabra,Robez,brobezg6@china.com.cn,Female,2023-03-25T10:17:38Z,,40513 Maple Wood Lane
Niels,Tregoning,ntregoningg7@ehow.com,Male,2023-01-12T20:22:33Z,,800 Anthes Street
Ronna,Gert,rgertg8@bloglines.com,Agender,2023-05-01T23:57:31Z,,3976 Pierstorff Parkway
Dani,Ferenc,dferencg9@foxnews.com,Male,2022-11-25T07:10:43Z,,67200 Portage Road
Nanni,Cordner,ncordnerga@gmpg.org,Female,2023-06-27T04:02:04Z,,5116 Tennessee Point
Beret,Casarino,bcasarinogb@amazon.de,Female,2022-12-31T10:35:33Z,,2300 Rockefeller Alley
,Dawson,,Male,2023-05-09T12:22:36Z,,2 Clemons Park
Jacqueline,Guest,jguestgd@squarespace.com,Female,2022-10-13T13:30:04Z,Aust-Agder,876 Trailsway Circle
Cobb,Chipping,cchippingge@devhub.com,Male,2023-05-07T15:04:50Z,,6697 Clarendon Way
Nanny,Haughan,nhaughangf@thetimes.co.uk,Female,2023-03-24T09:18:50Z,,4489 Tennessee Park
Jerrold,Devericks,jdevericksgg@washington.edu,Male,2023-04-27T07:01:46Z,Veracruz Llave,075 5th Court
Kippie,Ruby,krubygh@icio.us,Female,2023-04-02T06:32:23Z,,60235 Pankratz Avenue
Merrilee,McNeilley,mmcneilleygi@vinaora.com,Female,2023-05-14T17:17:26Z,,8091 Golf Course Lane
Nikolaos,Kyrkeman,nkyrkemangj@baidu.com,Male,2023-05-27T12:56:28Z,,3 Mesta Alley
Rawley,Mattia,rmattiagk@imgur.com,Male,2022-09-26T01:10:08Z,,06 Sachs Crossing
Lindy,Semarke,lsemarkegl@weibo.com,Female,2023-03-31T00:23:49Z,,185 Commercial Place
Hazel,Fellon,hfellongm@edublogs.org,Male,,,0698 Schmedeman Drive
Ronnie,Heading,rheadinggn@sitemeter.com,Genderqueer,2022-11-17T12:39:29Z,,9 Springview Court
Gaylor,Largent,glargentgo@amazon.com,Male,2023-04-15T16:03:13Z,,8583 Reindahl Crossing
Wally,Thomton,wthomtongp@bbc.co.uk,Female,2022-10-22T21:34:57Z,Pays de la Loire,94274 Stang Road
Tedman,Roskam,troskamgq@drupal.org,Male,2023-01-11T07:51:25Z,,
Kleon,Guilaem,kguilaemgr@hp.com,Male,2023-06-22T08:02:34Z,Québec,1436 Alpine Lane
Charlton,Salsbury,csalsburygs@wisc.edu,Male,2023-01-01T04:32:15Z,,215 Lunder Parkway
Roxi,Roblett,rroblettgt@webnode.com,Female,2022-12-31T17:11:38Z,,19953 Mallard Terrace
Link,McKeachie,lmckeachiegu@gizmodo.com,Male,2022-09-26T11:38:55Z,,5 Lunder Street
Dido,Ilyukhov,dilyukhovgv@zdnet.com,Non-binary,2022-12-02T19:10:54Z,,61444 Eggendart Court
Val,Harlow,vharlowgw@soundcloud.com,Male,2023-07-18T23:17:13Z,,6 Bartelt Court
Nicol,Mabbs,nmabbsgx@oakley.com,Agender,2022-08-23T20:30:21Z,,2 4th Drive
Xavier,Dummer,,Male,2023-08-09T16:12:12Z,,4564 American Ash Hill
Anne,Gouldsmith,agouldsmithgz@statcounter.com,Female,2023-07-21T17:51:09Z,,0950 Bluestem Plaza
Kayne,Farlow,kfarlowh0@mediafire.com,Male,,Leiria,85 Bonner Avenue
,Beldam,jbeldamh1@unc.edu,Female,2023-08-13T00:26:12Z,,8277 Brickson Park Lane
Ashien,Bucky,abuckyh2@jimdo.com,Female,2023-02-17T14:08:05Z,,40192 Calypso Alley
Otes,Cakes,ocakesh3@umich.edu,Male,2023-07-17T13:59:54Z,,9 Dryden Avenue
Clarine,Earry,cearryh4@nature.com,Female,2023-06-18T13:08:25Z,,57 Coleman Drive
Richart,Slessor,,Male,2023-04-30T13:44:56Z,,
Carmita,Lyngsted,clyngstedh6@addtoany.com,Female,2023-07-17T04:23:31Z,,49500 Waxwing Trail
Lolly,Topping,ltoppingh7@archive.org,Female,2022-09-24T12:34:25Z,Setúbal,
Inna,Siemon,isiemonh8@yandex.ru,Female,2022-12-13T05:18:11Z,Marche,2352 Birchwood Way
Urbain,Tredger,utredgerh9@sina.com.cn,Male,2022-12-06T19:30:20Z,,9 Lyons Avenue
Zonnya,Grimwood,zgrimwoodha@mac.com,Female,2023-04-01T01:56:08Z,,346 Blue Bill Park Road
Pierce,Elliott,pelliotthb@cbsnews.com,Male,2022-10-03T12:28:47Z,,12688 Chinook Street
Issy,Roglieri,,Polygender,2023-03-21T00:22:49Z,,9230 Parkside Center
,McKearnen,mmckearnenhd@walmart.com,Female,2023-02-09T07:50:56Z,,0295 Eggendart Center
Tadd,Creigan,tcreiganhe@amazon.de,Bigender,,,7675 Vidon Drive
Barton,Cruddace,bcruddacehf@yandex.ru,Male,2023-05-30T03:52:37Z,,22 Superior Parkway
Curtis,Lamerton,clamertonhg@bandcamp.com,Male,2023-06-07T14:41:34Z,,428 Leroy Way
Nilson,Matei,nmateihh@tamu.edu,Male,2023-02-22T09:59:44Z,,028 Arkansas Lane
Bellanca,Atyea,batyeahi@reddit.com,Female,2022-12-12T23:42:00Z,,05811 Thompson Avenue
Sam,Eglington,seglingtonhj@fc2.com,Genderqueer,2022-08-17T13:37:18Z,,
Shena,Pasby,spasbyhk@forbes.com,Non-binary,2023-06-10T16:25:56Z,,5 Manitowish Junction
Jenilee,Ollier,jollierhl@squidoo.com,Genderfluid,2023-03-01T23:18:21Z,,5238 Bowman Place
Shoshana,Crosson,scrossonhm@bing.com,Female,2022-09-07T16:24:54Z,,254 Bellgrove Avenue
Moishe,Palle,mpallehn@miitbeian.gov.cn,Male,2023-01-08T10:29:38Z,,2767 Ridge Oak Center
Tatiania,Arminger,tarmingerho@blogspot.com,Female,2023-02-13T14:58:31Z,,74273 Beilfuss Street
Crystal,Wehnerr,cwehnerrhp@wiley.com,Female,2022-12-02T19:56:54Z,,35 Hansons Terrace
Wilow,Matkin,,Female,2023-03-13T09:02:14Z,Liguria,88 Sunnyside Park
Pearline,Jeske,,Female,2023-08-14T01:52:08Z,Porto,108 Alpine Trail
Aubry,Towne,atownehs@blinklist.com,Female,2023-05-14T23:29:21Z,,9 Meadow Ridge Crossing
Krystal,Duffell,kduffellht@github.io,Female,2023-07-29T08:31:44Z,,4496 Burning Wood Place
Mariya,Arling,marlinghu@gizmodo.com,Female,2023-05-06T12:23:15Z,,5 Summit Junction
Toddy,Ritter,tritterhv@barnesandnoble.com,Male,2023-01-14T04:24:51Z,,31 Marquette Avenue
Shell,Pentony,spentonyhw@gizmodo.com,Male,2023-07-20T17:01:41Z,Braga,717 Algoma Avenue
Chandal,Barrass,cbarrasshx@bloglovin.com,Female,2022-09-22T02:46:12Z,,3 Thackeray Court
Ari,Curds,acurdshy@eepurl.com,Male,2022-11-05T13:01:59Z,Veneto,1600 Helena Place
,Gawthorp,bgawthorphz@shinystat.com,Female,2023-03-26T16:30:33Z,,534 Crowley Trail
Nickolaus,Dofty,ndoftyi0@sfgate.com,Male,2022-11-13T20:23:37Z,,
Sidney,Brownjohn,sbrownjohni1@dmoz.org,Male,,,31 Lake View Plaza
,Gladwell,agladwelli2@biglobe.ne.jp,Female,2022-10-26T22:52:44Z,,76933 Bluestem Trail
Rasia,Artrick,rartricki3@livejournal.com,Female,2023-06-28T04:11:16Z,,5781 Clemons Way
Jermayne,Kubik,jkubiki4@prnewswire.com,Genderfluid,2023-07-07T03:24:38Z,,2606 Brickson Park Junction
Bobette,Laneham,blanehami5@washingtonpost.com,Female,2023-04-11T01:09:45Z,Île-de-France,555 Algoma Crossing
Jena,Ferraretto,jferrarettoi6@liveinternet.ru,Female,2022-09-04T15:37:59Z,Ilha de São Miguel,5513 Loomis Hill
Joela,Esland,jeslandi7@macromedia.com,Female,2023-01-14T20:33:32Z,,5784 Nevada Crossing
Travis,Dyball,tdyballi8@theglobeandmail.com,Male,2023-01-06T07:58:00Z,,82 Hollow Ridge Street
Adams,Lidgey,alidgeyi9@sogou.com,Male,2022-09-22T04:42:36Z,,2 Merrick Center
Pernell,Rookesby,prookesbyia@wikipedia.org,Male,2022-09-08T22:36:09Z,,9994 New Castle Avenue
Lemuel,Lippiett,llippiettib@state.gov,Male,2023-01-04T03:02:11Z,British Columbia,9916 Pond Circle
Gretta,Kitcatt,,Female,2023-02-02T15:06:43Z,,727 Maple Wood Plaza
Pyotr,Coatts,pcoattsid@t.co,Male,,,6370 Messerschmidt Place
Cathee,Drohane,,Female,2022-12-15T13:09:09Z,,9 Macpherson Circle
Darb,Chaloner,dchalonerif@google.es,Female,2023-01-07T23:53:45Z,,457 Mockingbird Pass
,Lipmann,clipmannig@discuz.net,Male,2022-10-03T08:30:26Z,,56 Hoepker Hill
Winna,Holdin,wholdinih@mac.com,Female,2023-02-12T04:06:57Z,,01724 Monument Court
Brion,Lourens,blourensii@dailymotion.com,Male,2023-08-01T02:54:36Z,,326 Declaration Place
Sanders,Mighele,smigheleij@woothemes.com,Male,2022-10-26T10:50:24Z,,5188 Crownhardt Circle
Allis,Joron,ajoronik@indiegogo.com,Female,2023-05-04T04:07:31Z,,26671 Lighthouse Bay Drive
,Skentelbury,hskentelburyil@dell.com,Male,2023-07-25T02:59:12Z,Louisiana,4 Village Parkway
Beulah,Perrygo,,Female,,,651 Village Green Circle
Hillary,Jacobsz,hjacobszin@behance.net,Female,2023-01-18T17:56:24Z,Cataluna,
Hayward,Benoi,hbenoiio@baidu.com,Male,2022-12-20T19:00:41Z,,85 Granby Road
Drake,Budibent,dbudibentip@ehow.com,Male,2023-06-11T18:18:24Z,,3400 Merrick Court
Barbara-anne,Pentercost,bpentercostiq@aboutads.info,Female,2023-06-25T23:58:32Z,,00637 Golf Hill
Devi,Dallimare,ddallimareir@nih.gov,Non-binary,2023-05-23T17:44:23Z,California,3 Dwight Road
Nichol,Savatier,nsavatieris@livejournal.com,Female,2022-11-10T19:26:45Z,Rhône-Alpes,94837 Chive Court
Gabrila,Free,gfreeit@eventbrite.com,Female,,,1 Menomonie Place
Gabriella,Loughrey,gloughreyiu@rediff.com,Female,2023-05-27T18:30:36Z,,011 Bellgrove Lane
Jeddy,Cubin,jcubiniv@barnesandnoble.com,Genderfluid,2023-05-12T15:34:21Z,New South Wales,59 Maywood Parkway
,Yepiskov,jyepiskoviw@pcworld.com,Female,2022-12-07T02:41:12Z,Saskatchewan,8 Pepper Wood Drive
Salvidor,Campes,scampesix@hibu.com,Male,2023-07-16T06:07:22Z,,90575 Graceland Trail
Wat,Loraine,wloraineiy@parallels.com,Polygender,2022-08-27T07:24:37Z,,294 Jenifer Pass
Elvis,Ducket,educketiz@google.co.jp,Male,2022-12-03T08:39:31Z,,6842 Lotheville Circle
Neil,Malatalant,nmalatalantj0@skype.com,Male,2023-03-27T03:53:45Z,,937 Columbus Hill
Eden,Kibbe,ekibbej1@tripod.com,Female,2022-09-22T01:03:40Z,,0534 Scoville Plaza
Roderic,Rolston,rrolstonj2@parallels.com,Bigender,2023-08-03T07:50:44Z,,348 Sunnyside Crossing
Veronica,Sacchetti,vsacchettij3@diigo.com,Female,2022-11-23T13:15:31Z,,50566 2nd Hill
Borden,Burhill,bburhillj4@europa.eu,Male,2023-02-05T18:52:43Z,,408 4th Circle
Rorke,Maginn,rmaginnj5@wiley.com,Male,2022-08-31T22:30:19Z,,
Cassey,Chapiro,cchapiroj6@github.com,Female,2023-07-03T13:50:15Z,,16 Lerdahl Circle
Brandyn,Towlson,btowlsonj7@bloomberg.com,Male,2022-10-10T17:40:06Z,,
Antonie,Wagnerin,awagnerinj8@stumbleupon.com,Female,2023-07-26T23:50:50Z,,324 Hanover Place
Myrah,Balassa,mbalassaj9@fda.gov,Female,2023-05-22T16:47:21Z,,1465 Arapahoe Pass
Clayborn,Slocomb,cslocombja@cbslocal.com,Male,2023-06-15T15:48:53Z,Haute-Normandie,48 Myrtle Park
Georgette,Brymner,gbrymnerjb@linkedin.com,Female,2022-12-01T07:09:17Z,,992 Melody Plaza
Donall,Scone,dsconejc@de.vu,Bigender,2023-04-01T18:51:09Z,,824 Rieder Crossing
Neysa,de Villier,ndevillierjd@lulu.com,Female,2022-09-11T03:32:07Z,Rhône-Alpes,8 Helena Hill
Isahella,Gillean,igilleanje@wunderground.com,Female,2023-06-12T22:21:48Z,,155 Mariners Cove Circle
Rudie,Gamwell,rgamwelljf@sun.com,Male,2023-08-15T23:10:11Z,,3760 Crowley Park
Tiler,Pinn,tpinnjg@cpanel.net,Male,2022-10-27T21:04:13Z,,185 Coolidge Street
Giffie,Marquiss,gmarquissjh@alibaba.com,Male,2023-02-14T05:55:26Z,,60008 Grayhawk Drive
Dalton,Mattiazzo,dmattiazzoji@umn.edu,Male,2023-08-15T00:33:49Z,,0520 Luster Park
Benedikta,McTeer,bmcteerjj@microsoft.com,Female,2023-01-05T18:06:01Z,,38 Arapahoe Plaza
Woodman,Kilgallon,wkilgallonjk@intel.com,Male,2022-11-06T14:05:32Z,,6081 Fisk Terrace
Roth,Hanwright,rhanwrightjl@miibeian.gov.cn,Male,2022-09-04T23:54:20Z,,9 Loeprich Court
Nelia,Aburrow,naburrowjm@cpanel.net,Female,2022-10-07T01:57:11Z,,67 Granby Lane
Fancie,Tellesson,ftellessonjn@opensource.org,Genderfluid,2023-05-03T09:43:32Z,,5079 Lakewood Gardens Terrace
Sherry,Pavitt,spavittjo@ucla.edu,Female,2022-11-26T15:20:49Z,Jalisco,7 Ronald Regan Court
Carley,Yardy,cyardyjp@tinyurl.com,Female,,Leiria,27088 Gerald Park
Karl,Dubarry,kdubarryjq@clickbank.net,Male,2022-12-11T11:34:27Z,,2 Superior Junction
Renata,Raggles,rragglesjr@csmonitor.com,Female,2022-12-28T01:52:51Z,,4 Rockefeller Crossing
Tome,Sauven,tsauvenjs@unesco.org,Male,2022-11-22T10:03:00Z,,50290 4th Point
Ellynn,Fladgate,efladgatejt@walmart.com,Female,,Alberta,41636 Buhler Center
Son,Redborn,sredbornju@virginia.edu,Male,2023-04-09T08:43:51Z,,94486 Crescent Oaks Place
Reinold,Grinishin,rgrinishinjv@sogou.com,Male,2022-10-02T05:16:30Z,,6 Morning Lane
Bunny,Birchenough,bbirchenoughjw@com.com,Female,2022-09-15T09:12:37Z,,117 Eagan Road
Rahal,Defew,rdefewjx@free.fr,Female,2023-01-28T15:07:22Z,,1 Union Circle
Ivan,Fleetwood,ifleetwoodjy@goo.gl,Male,2023-04-26T11:18:32Z,,64971 Mesta Way
Nelli,Scawton,nscawtonjz@slideshare.net,Female,2023-08-11T06:00:42Z,,91 Fairfield Center
Rolland,Houlton,rhoultonk0@i2i.jp,Male,2023-02-13T17:39:42Z,,3 Pennsylvania Center
Pennie,Willes,,Male,2022-09-08T10:39:22Z,,05 Basil Alley
Lesya,Olczak,lolczakk2@ask.com,Female,2023-06-11T01:45:26Z,,477 Huxley Park
Elnar,Orgee,eorgeek3@boston.com,Male,2022-12-06T21:01:41Z,,1891 Crescent Oaks Alley
Odette,Ansteys,oansteysk4@wired.com,Female,2023-03-30T16:38:14Z,Bács-Kiskun,235 Waywood Pass
Velvet,Klimke,vklimkek5@skype.com,Female,2023-04-08T20:22:01Z,,5193 Hintze Trail
Daniella,Eadmead,deadmeadk6@cornell.edu,Female,2022-08-22T03:51:20Z,,81080 Golf Road
Nye,Dufaur,ndufaurk7@bbb.org,Male,2023-06-08T01:42:06Z,Uppsala,0 Mccormick Street
Lora,Porch,lporchk8@furl.net,Female,2023-01-15T11:36:55Z,,868 Farmco Street
Sabra,Fitzsymon,sfitzsymonk9@nbcnews.com,Female,2022-11-11T06:49:47Z,,6720 Tomscot Lane
Keven,Bulch,kbulchka@yolasite.com,Male,2022-11-21T10:15:13Z,,17 Mccormick Way
Britney,Teideman,bteidemankb@github.io,Female,2022-09-06T18:19:50Z,,93627 Harbort Parkway
Patti,Antonognoli,pantonognolikc@stanford.edu,Female,2022-09-29T16:49:11Z,,7 Bartillon Hill
Delphinia,Badger,dbadgerkd@usatoday.com,Female,2023-01-21T16:26:59Z,,60 Annamark Parkway
Dylan,Shinton,dshintonke@mozilla.com,Male,2022-09-06T05:56:58Z,,327 Springview Street
Lydia,Feely,lfeelykf@netvibes.com,Female,2022-10-19T00:47:58Z,,0 Russell Way
Morna,Siene,msienekg@ibm.com,Female,2023-07-29T06:37:25Z,,13 Hoffman Point
Atalanta,Snozzwell,asnozzwellkh@networksolutions.com,Agender,2023-01-29T07:53:53Z,,34 Northwestern Parkway
Willette,Koppel,wkoppelki@chicagotribune.com,Female,2022-10-11T19:47:03Z,,5075 Springview Alley
Boigie,Sitch,,Male,2023-01-10T06:18:56Z,California,8 Susan Lane
Rivy,Crilley,rcrilleykk@cbslocal.com,Female,2022-08-23T15:29:37Z,,48923 Melrose Drive
Rodie,Stockall,rstockallkl@mapy.cz,Female,2022-08-24T10:50:40Z,,36 Starling Avenue
Aluino,Jencken,ajenckenkm@php.net,Non-binary,2023-08-15T16:58:56Z,,43333 Dennis Terrace
,Tearney,dtearneykn@msn.com,Female,2022-11-13T12:14:02Z,,22 Melvin Drive
Giana,McGowran,gmcgowranko@diigo.com,Female,2023-05-30T10:26:59Z,,4652 Lakewood Avenue
Pippo,Ghelarducci,pghelarduccikp@senate.gov,Male,2023-06-06T12:46:51Z,,
Starr,Firk,sfirkkq@pbs.org,Female,2023-04-22T05:46:25Z,Indiana,63260 Red Cloud Pass
Joseito,Cleve,jclevekr@chron.com,Bigender,2023-01-16T22:23:21Z,Provence-Alpes-Côte d'Azur,5 Continental Drive
Indira,Joskowitz,ijoskowitzks@weather.com,Female,2023-07-03T05:21:25Z,Comunidad Valenciana,40886 Muir Avenue
Dodi,Alkins,dalkinskt@unesco.org,Female,2023-07-26T08:01:49Z,,2 Bunker Hill Terrace
Alla,Tremmil,atremmilku@dell.com,Female,2022-12-18T19:40:16Z,,11253 Blackbird Avenue
,Ludlamme,sludlammekv@mysql.com,Female,2022-12-24T21:33:50Z,Canarias,3563 Old Shore Court
Johann,Bensen,jbensenkw@stumbleupon.com,Male,2023-01-29T02:57:40Z,Melaka,4 Merry Terrace
Basia,McGrane,bmcgranekx@gnu.org,Female,2022-10-27T11:23:21Z,,6352 Buell Avenue
Sophie,Boxer,sboxerky@1688.com,Female,2023-02-25T12:07:43Z,,3331 Eagle Crest Pass
Abbi,Blackler,ablacklerkz@networkadvertising.org,Female,2022-12-23T20:01:22Z,,09 Anhalt Court
Reinwald,Hidderley,rhidderleyl0@ebay.co.uk,Male,2023-08-02T21:17:39Z,,3135 Pepper Wood Terrace
Mayer,Grunnill,mgrunnilll1@baidu.com,Male,2023-03-17T02:46:30Z,,0 High Crossing Street
Ailina,Hurt,ahurtl2@wp.com,Bigender,2023-03-27T00:59:37Z,,81 Ronald Regan Drive
,Eidler,reidlerl3@jugem.jp,Female,2022-12-15T20:53:04Z,,542 La Follette Trail
Sancho,Sheldon,ssheldonl4@newyorker.com,Male,2023-06-26T02:22:49Z,,0 Debs Alley
Annabal,Lapthorn,alapthornl5@paypal.com,Female,2022-12-14T21:52:02Z,,25 Grim Center
,Chrishop,dchrishopl6@topsy.com,Female,2023-05-16T11:28:48Z,,41 Alpine Lane
Jacquelynn,Tolomelli,jtolomellil7@google.it,Female,2023-05-26T06:58:55Z,,15 Clyde Gallagher Parkway
Leonie,Esterbrook,lesterbrookl8@oaic.gov.au,Female,2023-07-13T14:40:22Z,,94330 Caliangt Plaza
Silvester,McTavy,smctavyl9@jiathis.com,Male,2023-05-19T13:38:45Z,,279 Cardinal Parkway
Clea,Bollis,cbollisla@springer.com,Female,2022-12-25T10:49:36Z,,8 Village Green Point
,Nickell,jnickelllb@163.com,Male,2023-04-25T04:38:53Z,,43 Fallview Pass
Zaria,Eglaise,zeglaiselc@scribd.com,Female,2023-06-14T04:07:56Z,,
Megen,Kidsley,mkidsleyld@tripadvisor.com,Female,2022-11-29T17:06:56Z,Jönköping,56 Vidon Place
Cary,McCaghan,cmccaghanle@w3.org,Male,2023-02-15T09:13:33Z,,04938 Parkside Terrace
Zedekiah,Casellas,zcasellaslf@deliciousdays.com,Male,2023-05-28T09:04:52Z,,
Vasilis,Keats,vkeatslg@naver.com,Male,2023-07-23T22:40:43Z,,260 Lawn Place
Miquela,Leinweber,mleinweberlh@jiathis.com,Female,2022-11-09T06:48:40Z,,0 Mallard Drive
Cary,Benedettini,cbenedettinili@issuu.com,Female,2023-04-20T20:51:37Z,,15 Gale Junction
Joannes,Abade,jabadelj@1688.com,Female,2022-08-22T02:51:07Z,Lisboa,71961 Clarendon Circle
Bord,Loughead,blougheadlk@wordpress.org,Non-binary,2023-08-12T17:38:03Z,,2038 Debra Road
Randene,Mynett,rmynettll@umich.edu,Agender,2022-10-11T19:12:45Z,,10 Moland Pass
Baron,Emanuele,bemanuelelm@photobucket.com,Male,2022-10-04T04:52:52Z,,0 Village Green Terrace
Loree,Cowin,lcowinln@edublogs.org,Female,2022-10-12T06:24:50Z,,10944 Holy Cross Circle
Blake,Whiteoak,bwhiteoaklo@rediff.com,Female,2022-08-26T07:55:07Z,,1 Twin Pines Terrace
Octavius,Goggan,ogogganlp@prlog.org,Male,2023-04-03T20:27:59Z,,3 Forest Dale Parkway
Jason,Riha,jrihalq@walmart.com,Male,2023-06-02T23:56:44Z,,46572 Arkansas Center
,Laurand,rlaurandlr@home.pl,Female,2023-08-03T15:27:01Z,,6812 Leroy Road
Shoshanna,Longwood,slongwoodls@illinois.edu,Female,2022-12-21T18:48:03Z,,5 Dawn Trail
Abba,Keerl,akeerllt@1und1.de,Male,2023-02-24T11:37:11Z,,06980 Center Trail
Ruby,Mossman,rmossmanlu@wunderground.com,Agender,2023-01-25T18:20:21Z,Québec,7730 Lien Court
Woodie,Borg,wborglv@sphinn.com,Male,2023-04-11T16:41:52Z,,66945 North Place
Axe,Lomaz,alomazlw@twitpic.com,Male,2022-11-09T23:35:26Z,,92588 Cherokee Plaza
Arlinda,Blance,ablancelx@github.com,Female,2023-03-23T07:24:56Z,,399 Sycamore Trail
Jennica,Prebble,jprebblely@guardian.co.uk,Female,2023-06-19T23:53:08Z,,711 Blue Bill Park Point
Northrop,Stracey,nstraceylz@com.com,Male,2022-09-24T18:52:12Z,,90330 Derek Pass
Jerrine,Sloat,,Female,2023-06-30T23:05:30Z,,52226 Oriole Pass
Cortie,Millier,cmillierm1@wsj.com,Male,2023-01-02T12:16:43Z,,7 Browning Trail
Dominick,Eakins,deakinsm2@go.com,Male,2022-09-29T03:26:08Z,,8533 Parkside Point
,Bragg,bbraggm3@trellian.com,Male,2023-06-11T08:28:13Z,,3 Tony Way
Cris,McKinstry,cmckinstrym4@purevolume.com,Female,2022-10-15T00:35:26Z,,58 Aberg Parkway
Fleming,Till,ftillm5@npr.org,Male,2022-12-21T14:57:12Z,,9 Quincy Point
Paola,Staden,pstadenm6@aboutads.info,Female,2022-09-30T15:40:08Z,,63 Haas Court
Mile,Matczak,mmatczakm7@nationalgeographic.com,Male,2023-05-02T15:13:00Z,,3487 Judy Center
Idaline,Fraser,ifraserm8@newyorker.com,Female,2022-10-26T05:02:04Z,,5 Center Circle
Lewes,Wallentin,,Male,2022-08-27T14:25:16Z,,2634 Ohio Plaza
Clio,Kincey,ckinceyma@umich.edu,Female,2022-11-03T06:27:09Z,,69582 Brown Terrace
Basilio,Tacey,btaceymb@cisco.com,Male,2023-01-04T04:45:16Z,,292 Helena Hill
,Matthiesen,mmatthiesenmc@liveinternet.ru,Male,2023-05-28T16:37:20Z,,5 Victoria Road
,Howchin,rhowchinmd@rakuten.co.jp,Female,2023-03-31T22:00:54Z,Coahuila De Zaragoza,5 Westend Place
Mohammed,de Clerk,mdeclerkme@pcworld.com,Male,2022-08-30T14:30:13Z,,53 Troy Drive
Urbanus,Crossdale,ucrossdalemf@sphinn.com,Male,2023-08-12T03:18:58Z,Västra Götaland,52 Hudson Avenue
Stuart,Tossell,stossellmg@is.gd,Male,2023-01-30T14:34:55Z,,11171 Thierer Trail
Flori,Jennions,fjennionsmh@mapy.cz,Female,2022-08-26T16:34:21Z,,2824 Scoville Plaza
Matty,Yashanov,myashanovmi@soup.io,Male,2023-07-29T11:34:00Z,,4 Kim Crossing
Trstram,Vallens,tvallensmj@godaddy.com,Male,2022-09-14T17:27:02Z,,1 Killdeer Street
,Burgyn,sburgynmk@boston.com,Male,2023-03-27T10:34:43Z,,75632 Toban Point
Crosby,Lambol,clambolml@phoca.cz,Male,2023-03-04T23:33:51Z,,6 American Ash Parkway
Opalina,Dommett,odommettmm@wunderground.com,Female,2023-01-29T03:15:55Z,,63681 Transport Lane
Jammal,Pales,,Male,2023-07-20T08:43:38Z,,5122 Colorado Pass
Trixie,Smaleman,tsmalemanmo@yelp.com,Female,,,77 Sullivan Alley
Riki,Fowell,rfowellmp@cnet.com,Female,2023-03-10T01:40:12Z,,6422 Main Terrace
Phaidra,Teece,pteecemq@ucla.edu,Female,2022-10-07T21:15:32Z,,3924 High Crossing Road
Vincenz,Leefe,vleefemr@statcounter.com,Agender,2023-03-23T22:26:45Z,,69 Barby Junction
Libbi,Sackett,lsackettms@skype.com,Female,2023-07-08T00:40:12Z,,6 Homewood Way
,Allston,dallstonmt@google.co.uk,Genderfluid,2023-03-03T16:47:29Z,Texas,60614 Esker Road
Erinna,Danskine,edanskinemu@live.com,Female,2023-06-24T10:02:41Z,,62873 Melvin Alley
Tim,St. Clair,tstclairmv@soup.io,Female,2022-09-11T12:31:44Z,,1 Columbus Parkway
Shaine,Hawkswood,shawkswoodmw@photobucket.com,Male,2023-03-29T12:20:26Z,Vlaanderen,3 Fairfield Avenue
Darbie,Heber,dhebermx@ycombinator.com,Female,2023-02-23T20:42:34Z,,05825 Cascade Hill
Vinnie,Bartol,vbartolmy@canalblog.com,Female,2022-11-17T02:08:09Z,,0 Pond Junction
Joanne,McAllester,,Female,2023-03-01T20:06:47Z,,00 Holy Cross Street
,Penhalewick,spenhalewickn0@stumbleupon.com,Female,,,2 Debs Center
,Thomesson,athomessonn1@netlog.com,Female,2022-11-21T03:48:06Z,,3 Sachtjen Point
Linette,Iacomini,liacominin2@unblog.fr,Female,2022-12-15T00:29:22Z,,820 Linden Plaza
Ardisj,Coopper,,Female,2023-06-13T11:56:02Z,,64445 Old Shore Avenue
Emilia,Van Brug,evanbrugn4@smh.com.au,Bigender,2022-11-14T20:35:48Z,,97340 Eagle Crest Plaza
Rodney,Verlinde,rverlinden5@cbsnews.com,Male,2023-07-16T22:48:38Z,,589 Atwood Junction
Tansy,Lansberry,tlansberryn6@opera.com,Female,2022-08-29T18:58:39Z,,08 Oriole Trail
Rozanne,Glader,rgladern7@baidu.com,Female,2022-09-20T19:42:33Z,,701 Summerview Court
Sean,Prendeguest,sprendeguestn8@privacy.gov.au,Female,2022-09-09T17:38:18Z,,766 Maywood Road
Violetta,Duerden,vduerdenn9@is.gd,Female,2022-12-17T12:48:05Z,,89 Fuller Crossing
,Banbridge,mbanbridgena@dion.ne.jp,Male,2023-06-30T11:52:20Z,,
,Blaasch,bblaaschnb@soundcloud.com,Male,2022-12-13T12:23:25Z,,3 Independence Center
Lurleen,Mellenby,lmellenbync@pen.io,Female,2023-05-02T13:42:30Z,,8 Continental Pass
Prudy,Lackney,plackneynd@printfriendly.com,Female,2023-02-03T09:21:41Z,,08 Mosinee Trail
Justus,Segoe,jsegoene@barnesandnoble.com,Male,2022-08-19T05:46:52Z,,883 Petterle Trail
Lacee,Purdy,lpurdynf@google.com.hk,Female,2022-12-01T15:49:44Z,,2617 Surrey Circle
Louie,Drinan,ldrinanng@army.mil,Male,2022-11-03T09:30:32Z,,7432 Algoma Place
Othella,McCritchie,omccritchienh@reverbnation.com,Female,2022-12-16T06:34:49Z,,48735 Center Street
Rafaellle,Girardeau,rgirardeauni@google.cn,Male,2022-09-08T08:06:44Z,,
Winn,Boles,wbolesnj@creativecommons.org,Male,2022-12-05T15:44:12Z,,362 Farmco Drive
Zelda,Tomaszkiewicz,ztomaszkiewicznk@wikipedia.org,Female,2023-08-12T17:34:00Z,,0726 Stephen Center
Berthe,Halesworth,bhalesworthnl@independent.co.uk,Female,2023-07-18T19:16:44Z,Porto,9589 Old Shore Street
Debi,Kempstone,dkempstonenm@usgs.gov,Female,2022-11-24T07:43:16Z,,53 Blue Bill Park Point
Sargent,Mildner,smildnernn@eventbrite.com,Genderqueer,2023-07-15T10:46:01Z,Québec,86 Sugar Hill
Joye,MacMaster,,Female,2023-02-13T22:49:50Z,,3959 Starling Alley
Virginia,Camel,vcamelnp@i2i.jp,Female,2023-03-06T02:14:15Z,,054 Reindahl Plaza
Saunderson,Lunnon,slunnonnq@com.com,Male,,,688 Hollow Ridge Road
Ollie,Scotchmur,oscotchmurnr@people.com.cn,Male,2022-12-31T09:32:41Z,,1 Menomonie Drive
Portie,Drejer,pdrejerns@house.gov,Male,2022-10-01T00:36:48Z,Johor,39 Anhalt Pass
,Outlaw,joutlawnt@sphinn.com,Male,2023-02-17T16:25:28Z,,42 Fulton Road
Cinda,Slora,csloranu@goodreads.com,Female,2022-12-20T10:23:42Z,,45 Fallview Place
Rusty,Drewe,rdrewenv@illinois.edu,Male,2023-08-14T21:31:44Z,,87 Park Meadow Point
Loy,Abdon,labdonnw@hud.gov,Male,2022-12-08T06:39:03Z,,5304 Corscot Road
Esta,Scandrite,escandritenx@livejournal.com,Female,2023-08-05T21:48:09Z,,686 Vera Park
Kacy,Le Port,kleportny@google.com.hk,Female,2023-06-16T08:53:27Z,Sinaloa,25704 Golf Course Park
Thane,Rabjohn,trabjohnnz@360.cn,Male,2023-03-31T11:59:57Z,,2 Loeprich Pass
,Robbel,arobbelo0@scientificamerican.com,Male,2022-09-14T06:20:55Z,,531 Holy Cross Road
Kaile,Van Vuuren,kvanvuureno1@unicef.org,Female,2023-01-11T21:53:03Z,,94 Glacier Hill Place
Connie,Mallion,cmalliono2@census.gov,Female,2022-10-11T20:59:31Z,,31 Carberry Avenue
Taryn,Calverley,tcalverleyo3@woothemes.com,Female,2022-08-20T12:19:53Z,,6 Eagle Crest Crossing
Calida,Conrart,cconrarto4@wunderground.com,Female,2023-08-04T09:51:09Z,Skåne,980 Beilfuss Way
,Matessian,jmatessiano5@bizjournals.com,Female,2023-07-17T20:25:32Z,,877 Blaine Parkway
Robena,Del Dello,rdeldelloo6@networkadvertising.org,Female,2022-09-11T10:18:03Z,,2326 Fulton Plaza
Dionysus,Paolo,dpaoloo7@un.org,Male,2022-10-18T21:33:58Z,Louisiana,9 Schmedeman Drive
Camila,Rubinivitz,crubinivitzo8@ovh.net,Non-binary,2023-06-16T08:01:19Z,,65 Crescent Oaks Lane
Abram,Yegorov,ayegorovo9@surveymonkey.com,Male,2022-12-18T12:45:47Z,,4234 Golf View Trail
Berny,Fannin,bfanninoa@patch.com,Female,2023-04-21T02:34:29Z,Stockholm,51234 Forster Crossing
Suzette,Lethley,slethleyob@yolasite.com,Female,2023-02-23T08:25:15Z,,11 Evergreen Crossing
Jaymie,Quantrill,jquantrilloc@usatoday.com,Male,2022-10-18T15:02:37Z,,62051 Knutson Pass
Farra,Mazzei,fmazzeiod@sciencedirect.com,Female,2022-12-23T21:19:53Z,,37 Colorado Place
Kassi,Brunsden,kbrunsdenoe@google.it,Female,,,32042 Laurel Street
Edouard,Twomey,etwomeyof@go.com,Male,,Poitou-Charentes,0909 Kropf Point
Carlo,McCollum,cmccollumog@istockphoto.com,Male,2023-02-12T14:46:51Z,Veracruz Llave,0499 Nelson Alley
Ezekiel,D'Almeida,edalmeidaoh@goodreads.com,Male,2022-10-26T07:14:39Z,,31 Bluestem Trail
Teriann,Whitehouse,twhitehouseoi@biblegateway.com,Female,2023-06-23T06:06:39Z,Sarawak,2418 Pennsylvania Drive
Upton,Tromans,utromansoj@spiegel.de,Male,2022-11-12T04:27:59Z,,6385 Becker Point
Frankie,Twigger,ftwiggerok@ow.ly,Male,2023-05-02T18:53:57Z,,7 Londonderry Drive
Thomas,Mallows,tmallowsol@who.int,Male,2023-08-03T07:59:57Z,Östergötland,34 Lake View Hill
Claire,Pessolt,cpessoltom@wp.com,Male,2022-12-13T16:43:32Z,,20374 Oak Valley Place
Raimundo,Laight,rlaighton@purevolume.com,Male,2023-04-01T03:58:37Z,Braga,3 Hovde Lane
,Bonson,tbonsonoo@uiuc.edu,Female,2023-02-05T01:08:16Z,,3 Almo Hill
Nance,O'Luby,nolubyop@qq.com,Female,2023-06-02T09:06:22Z,,12971 Prairie Rose Street
Isidora,Puttock,iputtockoq@ucoz.ru,Genderfluid,2023-03-25T00:54:25Z,,7119 Kennedy Court
Rica,Manclark,rmanclarkor@nih.gov,Genderqueer,,,7500 Summerview Center
Oren,Clevely,oclevelyos@blogtalkradio.com,Male,2023-07-03T08:42:00Z,Region Hovedstaden,83585 Miller Drive
Neddie,Nardoni,nnardoniot@github.io,Male,2022-10-11T08:54:49Z,,97 Nova Way
Shina,Lakeland,slakelandou@amazon.com,Female,2023-06-21T09:47:01Z,,4 Thompson Pass
Roddy,Pellamonuten,rpellamonutenov@alibaba.com,Male,2022-11-08T10:03:04Z,New York,53 Michigan Crossing
Herbert,Ewestace,hewestaceow@salon.com,Male,2023-07-06T01:22:02Z,,921 Waxwing Drive
Kai,Jeffcoate,kjeffcoateox@amazon.co.jp,Female,2023-03-10T18:16:29Z,,2352 Park Meadow Point
Nev,Joost,njoostoy@addthis.com,Male,2023-04-14T20:41:23Z,,79537 Sutteridge Plaza
,Human,ghumanoz@google.fr,Male,2023-03-02T13:27:26Z,,681 Thompson Lane
,McLese,lmclesep0@ow.ly,Male,2023-05-14T19:49:07Z,,35 Crest Line Avenue
Maudie,Rowantree,mrowantreep1@un.org,Female,,,999 Fallview Lane
Sandi,Celler,scellerp2@hexun.com,Female,2022-11-20T14:51:08Z,,959 Stang Terrace
Creigh,Cominetti,ccominettip3@bbb.org,Male,2023-04-21T10:51:30Z,,3 Loeprich Trail
Miof mela,Philpots,mphilpotsp4@php.net,Female,2022-11-09T16:16:25Z,,71 Summit Avenue
Briana,Fronczak,bfronczakp5@blogs.com,Female,2023-03-05T17:40:01Z,,28163 Armistice Place
Lynelle,Milam,lmilamp6@sitemeter.com,Female,2023-04-25T06:52:16Z,Île-de-France,25027 Holmberg Lane
Marna,Clewett,mclewettp7@answers.com,Non-binary,2023-07-08T19:47:57Z,,21078 Continental Circle
Gard,Whalley,gwhalleyp8@usda.gov,Male,,,9 Welch Plaza
Alec,Scrivin,ascrivinp9@usnews.com,Male,2023-02-08T03:43:01Z,,1307 Haas Terrace
Jarrid,Brunnstein,jbrunnsteinpa@jimdo.com,Male,2023-03-10T18:08:18Z,,9040 Dawn Court
Alys,Eckh,aeckhpb@barnesandnoble.com,Female,2023-02-23T12:40:37Z,,7083 Service Drive
Murial,Mylchreest,mmylchreestpc@telegraph.co.uk,Female,2023-04-02T02:20:40Z,,91858 Monterey Drive
Cori,Gosforth,cgosforthpd@youtu.be,Male,2023-06-02T16:06:05Z,,2757 Schlimgen Circle
,Fusco,ffuscope@howstuffworks.com,Male,2023-03-01T10:26:27Z,Maryland,53833 Esch Street
Michal,Saller,msallerpf@usatoday.com,Female,2023-04-22T09:28:13Z,,151 Artisan Crossing
Ronna,Tirrey,rtirreypg@blogger.com,Female,2023-05-08T20:04:58Z,,58 Sachtjen Circle
Graehme,Burnip,gburnipph@ebay.com,Male,2023-07-19T09:26:21Z,Porto,9 Elka Terrace
,Ahlin,iahlinpi@gnu.org,Female,2023-03-25T21:09:44Z,,
Donni,Tompkin,dtompkinpj@tripod.com,Agender,2023-05-06T14:45:00Z,,84 Fuller Point
Bentley,Chucks,bchuckspk@wikipedia.org,Male,2022-11-02T10:22:10Z,Ilha Terceira,81 Florence Avenue
Fons,Challice,fchallicepl@ocn.ne.jp,Male,2023-02-11T23:20:10Z,,4997 Cody Place
Brady,Yanov,byanovpm@imdb.com,Male,2023-07-08T23:08:53Z,,387 Huxley Junction
Rabi,Brundall,rbrundallpn@free.fr,Male,2023-04-06T10:19:20Z,,8 Arizona Lane
Eldredge,Lodin,elodinpo@cloudflare.com,Male,2023-04-05T15:50:42Z,,1 Milwaukee Road
Carmita,Phoenix,cphoenixpp@nba.com,Female,,,40563 Hagan Lane
Martie,Downes,mdownespq@yandex.ru,Male,2023-05-11T03:31:44Z,,93448 Quincy Parkway
Cam,Bartelot,cbartelotpr@wired.com,Male,2022-11-16T07:19:38Z,,
,Gogerty,cgogertyps@intel.com,Male,2023-02-04T05:06:22Z,,93810 Dahle Court
,Segebrecht,isegebrechtpt@kickstarter.com,Male,2023-04-10T18:55:41Z,,8070 Parkside Hill
Bartolemo,O'Cridigan,bocridiganpu@go.com,Male,2023-01-09T23:37:50Z,,210 Helena Park
Dalston,Blagbrough,dblagbroughpv@abc.net.au,Male,2023-07-02T23:35:32Z,Uppsala,76 Barby Way
Anatola,Glasper,aglasperpw@wiley.com,Female,2022-09-30T18:49:01Z,,8 Hoard Park
Pinchas,Clementet,pclementetpx@angelfire.com,Male,2023-05-08T20:34:28Z,,25281 Myrtle Park
,Ailmer,bailmerpy@elpais.com,Male,2023-03-30T14:34:47Z,,23 Lakewood Gardens Avenue
Sheri,Rigg,sriggpz@is.gd,Female,2023-07-16T09:02:43Z,,41729 Riverside Center
Ric,Eslie,reslieq0@abc.net.au,Male,2023-03-14T17:12:41Z,Nordrhein-Westfalen,38294 Grasskamp Point
Araldo,Faithorn,afaithornq1@cnet.com,Male,2022-11-19T04:56:45Z,,85 Memorial Street
D'arcy,Little,dlittleq2@mapy.cz,Male,2022-10-18T10:56:04Z,,81 Killdeer Place
Jo,Gurko,jgurkoq3@trellian.com,Genderfluid,2022-09-03T13:34:54Z,Aquitaine,55 Manley Circle
Janeva,Manuaud,jmanuaudq4@desdev.cn,Female,,,0 Graceland Place
Zeke,Gowing,zgowingq5@is.gd,Male,2023-02-03T17:31:46Z,Delaware,037 Del Mar Lane
Garnette,Windrum,gwindrumq6@fema.gov,Female,2023-04-28T01:09:20Z,,20670 Graceland Park
Leonanie,Toft,ltoftq7@symantec.com,Female,2022-10-06T12:07:43Z,,97 Shoshone Way
Jobyna,Roy,jroyq8@soundcloud.com,Female,2023-03-23T14:51:28Z,,21069 Kinsman Crossing
,Ruggier,sruggierq9@accuweather.com,Female,2023-06-26T08:30:32Z,Limousin,4043 Marquette Pass
,Coleshill,dcoleshillqa@blinklist.com,Female,2022-12-16T15:29:14Z,,8427 Coolidge Park
Farlee,Ewart,fewartqb@china.com.cn,Male,2023-04-27T02:12:40Z,,3 Fair Oaks Place
Frayda,McLaverty,fmclavertyqc@rambler.ru,Female,2022-08-16T14:06:57Z,Missouri,1375 Randy Center
Shandy,Farbrother,sfarbrotherqd@devhub.com,Female,2022-12-22T22:28:16Z,,8789 Lakewood Gardens Lane
Herschel,Draysay,hdraysayqe@pbs.org,Male,2023-01-12T18:14:26Z,,85852 Marcy Parkway
Stan,Rowson,srowsonqf@soundcloud.com,Male,2022-10-15T19:08:54Z,,5 Kensington Lane
Obadiah,Seymark,oseymarkqg@wordpress.org,Male,2022-11-05T20:28:47Z,,6017 Crownhardt Center
Winn,Delacroix,,Male,2023-07-15T06:31:17Z,,22642 Loeprich Alley
Vally,Bonanno,vbonannoqi@usnews.com,Female,2022-12-25T01:27:12Z,,30 Cambridge Trail
Wes,Ellum,wellumqj@msn.com,Male,2022-12-08T06:51:03Z,,31050 Ramsey Lane
Read,Coxen,rcoxenqk@csmonitor.com,Male,2023-04-28T20:07:53Z,,
Brandice,Stroud,bstroudql@1688.com,Female,2023-01-28T01:24:22Z,,6408 Steensland Street
Reeva,Common,rcommonqm@usatoday.com,Female,2022-09-29T06:09:17Z,,
Burgess,Berfoot,,Male,2022-09-04T00:52:45Z,,35 Granby Park
Franklin,Threadgold,fthreadgoldqo@google.de,Male,2023-04-18T00:38:45Z,,599 Trailsway Place
Olin,Musk,omuskqp@paypal.com,Male,2022-08-25T12:38:59Z,,
Michael,Batchelar,mbatchelarqq@unc.edu,Male,2023-06-25T01:06:31Z,,29 Charing Cross Court
Ulrika,Blackaller,ublackallerqr@cmu.edu,Female,2022-10-29T12:48:09Z,Alsace,983 Nobel Court
Emmalynne,Hansman,ehansmanqs@wordpress.com,Bigender,2023-01-15T06:09:18Z,,83 Rutledge Street
Ulrikaumeko,Philp,uphilpqt@harvard.edu,Female,2023-02-08T02:51:00Z,,398 Mariners Cove Court
,Elvins,lelvinsqu@independent.co.uk,Female,2023-05-08T21:02:52Z,Uppsala,99 Farwell Lane
Shaun,Junkin,sjunkinqv@mit.edu,Female,2023-01-23T19:08:21Z,,32 Drewry Park
Leopold,O'Glassane,loglassaneqw@t-online.de,Male,2023-07-26T01:13:19Z,,0 Esker Junction
Ric,Attock,rattockqx@ca.gov,Male,2023-03-06T09:27:30Z,,294 Butternut Hill
Trip,Rudham,trudhamqy@nytimes.com,Male,2023-06-19T00:34:23Z,,6 Talmadge Parkway
Adena,Davenell,adavenellqz@wp.com,Female,2022-12-06T15:51:05Z,,13 Ohio Crossing
Dinny,Harragin,dharraginr0@surveymonkey.com,Female,2023-05-12T05:21:53Z,,7357 Corben Point
Edward,Kleinfeld,ekleinfeldr1@istockphoto.com,Male,2022-12-25T13:00:01Z,,78725 Gina Junction
Perl,Goodfellowe,pgoodfellower2@deliciousdays.com,Female,2023-03-08T23:04:11Z,Nova Scotia,45 Bowman Lane
Aylmer,Fowell,,Male,,,8 Main Street
Gusta,Colomb,gcolombr4@infoseek.co.jp,Female,2023-04-07T18:33:00Z,,78 Schlimgen Trail
Bryna,Annand,bannandr5@edublogs.org,Agender,2023-02-16T15:50:02Z,,
Adrienne,Fante,afanter6@foxnews.com,Female,2023-06-16T05:01:24Z,,29349 East Lane
Braden,Mulrooney,bmulrooneyr7@xing.com,Male,2023-05-19T11:40:43Z,,293 Pepper Wood Way
Elyn,Barbara,ebarbarar8@pagesperso-orange.fr,Female,2022-10-27T21:11:06Z,,86256 Sheridan Avenue
Delmar,Abbie,dabbier9@jugem.jp,Bigender,2022-08-18T21:31:11Z,,638 Jay Way
Karla,Thewys,kthewysra@cnn.com,Female,2023-01-26T03:26:41Z,New York,734 Vahlen Hill
Adams,Warmington,awarmingtonrb@gravatar.com,Male,2023-03-15T03:36:04Z,,7 Karstens Street
Sargent,Guiraud,sguiraudrc@latimes.com,Male,2023-07-27T21:56:11Z,,56 Hermina Junction
Malina,Haspineall,mhaspineallrd@mac.com,Bigender,2023-03-27T20:23:57Z,,
Minetta,Bendon,mbendonre@chicagotribune.com,Genderqueer,2023-05-17T23:51:01Z,,4 Service Trail
Wernher,Sallans,wsallansrf@nymag.com,Male,2023-04-28T14:26:52Z,Île-de-France,6 Dunning Terrace
Gallagher,Beagen,gbeagenrg@vistaprint.com,Male,2023-07-17T18:47:58Z,,158 Pennsylvania Crossing
Gleda,Bordiss,gbordissrh@wordpress.com,Female,2023-06-08T08:27:31Z,,45056 Novick Court
Beryl,Brough,bbroughri@xrea.com,Bigender,2023-05-14T05:31:58Z,Västra Götaland,63 Delladonna Circle
Melisenda,D'orsay,mdorsayrj@utexas.edu,Female,2023-05-23T12:36:17Z,,6950 Little Fleur Park
Jo ann,Daout,jdaoutrk@sbwire.com,Female,2023-07-11T00:44:20Z,,
Wilmette,Glennon,wglennonrl@eventbrite.com,Female,2023-02-11T09:31:33Z,,6216 Crowley Park
Nolie,Ferriby,,Female,2023-01-14T13:31:32Z,,67558 Schmedeman Avenue
Nickey,McKenna,nmckennarn@livejournal.com,Male,2022-12-13T01:37:07Z,,91 Prentice Avenue
Reggie,Meni,rmeniro@cbsnews.com,Male,2022-12-17T04:31:23Z,,85 Armistice Road
Darda,Tendahl,dtendahlrp@slashdot.org,Female,2023-05-17T18:06:43Z,,91826 Little Fleur Terrace
Peirce,Podmore,ppodmorerq@netvibes.com,Male,2022-11-27T11:53:30Z,,09 Hauk Lane
,Greiser,ngreiserrr@walmart.com,Male,2022-09-04T05:21:30Z,Oberösterreich,33 Burrows Road
